appid,name,genre_category,discount_start,discount_end,discount_pct,duration_days,before_daily_avg,during_daily_avg,after_daily_avg,reaction_rate,sustained_rate,is_seasonal_sale,total_reviews,price_usd,is_multiplayer,days_since_release
105600,Terraria,Action,2026-03-19,2026-03-26,50,6,363.33,429.86,372.57,0.1831,0.0254,False,1409473,9.99,True,5421
252490,Rust,Action,2026-03-19,2026-03-26,50,6,188.33,445.71,469.0,1.3666,1.4903,False,1227784,39.99,True,2961
2358720,Black Myth: Wukong,Action,2026-02-09,2026-02-23,25,13,79.3,202.64,174.07,1.5554,1.1951,False,1150098,59.99,False,539
1245620,ELDEN RING,Action,2026-03-19,2026-03-26,35,7,205.97,299.0,278.14,0.4517,0.3504,False,1056677,59.99,True,1484
553850,HELLDIVERS 2,Action,2026-03-19,2026-03-26,25,6,426.77,392.43,272.43,-0.0805,-0.3616,False,1017635,39.99,True,770
550,Left 4 Dead 2,Action,2026-03-19,2026-03-26,80,6,204.8,296.29,255.0,0.4467,0.2451,False,963983,9.99,True,5967
381210,Dead by Daylight,Action,2026-03-17,2026-03-26,60,9,232.3,352.11,274.14,0.5158,0.1801,False,797216,19.99,True,3563
739630,Phasmophobia,Action,2026-01-17,2026-01-31,30,14,184.13,177.64,166.14,-0.0352,-0.0977,False,768779,19.99,True,1947
739630,Phasmophobia,Action,2026-03-19,2026-03-28,30,8,162.7,155.33,199.21,-0.0453,0.2244,False,768779,19.99,True,2008
413150,Stardew Valley,RPG,2026-03-19,2026-03-26,50,6,313.47,504.71,436.86,0.6101,0.3936,False,886195,14.99,True,3674
1091500,Cyberpunk 2077,RPG,2026-02-12,2026-02-22,55,9,149.57,270.4,249.0,0.8079,0.6648,False,844921,59.99,False,1891
1091500,Cyberpunk 2077,RPG,2026-03-19,2026-03-26,65,7,239.07,325.57,295.57,0.3618,0.2364,False,844921,59.99,False,1926
292030,The Witcher 3: Wild Hunt,RPG,2026-02-12,2026-02-22,80,9,149.43,154.4,136.71,0.0332,-0.0851,False,835349,39.99,False,3923
292030,The Witcher 3: Wild Hunt,RPG,2026-03-19,2026-03-26,80,6,131.93,156.43,138.71,0.1857,0.0514,False,835349,39.99,False,3958
1086940,Baldur's Gate 3,RPG,2026-02-26,2026-03-02,25,4,224.27,206.75,186.36,-0.0781,-0.169,False,760662,59.99,True,938
1086940,Baldur's Gate 3,RPG,2026-03-19,2026-03-26,25,7,198.7,198.43,207.5,-0.0014,0.0443,False,760662,59.99,True,959
218620,PAYDAY 2,RPG,2025-06-05,2025-06-12,67,7,36.5,63.14,57.43,0.7299,0.5734,False,663082,9.99,True,4314
218620,PAYDAY 2,RPG,2025-06-27,2025-07-10,67,13,53.53,55.46,54.0,0.036,0.0087,True,663082,9.99,True,4336
218620,PAYDAY 2,RPG,2025-07-13,2025-07-27,67,13,55.07,55.57,44.07,0.0092,-0.1997,False,663082,9.99,True,4352
218620,PAYDAY 2,RPG,2025-09-25,2025-10-06,70,11,36.97,203.91,59.07,4.516,0.598,False,663082,9.99,True,4426
218620,PAYDAY 2,RPG,2025-11-21,2025-12-05,50,13,35.9,50.07,33.07,0.3947,-0.0788,True,663082,9.99,True,4483
218620,PAYDAY 2,RPG,2025-12-18,2026-01-05,90,17,39.47,142.61,91.21,2.6135,1.3112,True,663082,9.99,True,4510
218620,PAYDAY 2,RPG,2026-01-15,2026-01-29,50,14,119.53,66.14,51.64,-0.4467,-0.568,False,663082,9.99,True,4538
218620,PAYDAY 2,RPG,2026-02-28,2026-03-14,50,13,47.7,48.93,44.21,0.0258,-0.0731,False,663082,9.99,True,4582
218620,PAYDAY 2,RPG,2026-03-19,2026-03-26,50,6,46.13,43.43,39.36,-0.0586,-0.1469,False,663082,9.99,True,4601
892970,Valheim,RPG,2025-12-18,2026-01-05,50,18,191.93,113.22,107.43,-0.4101,-0.4403,True,499828,19.99,True,1780
892970,Valheim,RPG,2026-01-20,2026-02-03,50,13,112.1,134.57,116.36,0.2005,0.038,False,499828,19.99,True,1813
892970,Valheim,RPG,2026-03-05,2026-03-26,50,20,107.3,122.29,102.0,0.1397,-0.0494,False,499828,19.99,True,1857
322330,Don't Starve Together,RPG,2025-12-18,2026-01-05,66,18,265.23,122.5,93.21,-0.5381,-0.6486,True,499061,14.99,True,3528
322330,Don't Starve Together,RPG,2026-02-12,2026-02-19,66,7,74.5,100.43,88.07,0.348,0.1822,False,499061,14.99,True,3584
322330,Don't Starve Together,RPG,2026-03-19,2026-03-26,66,6,79.87,93.57,86.93,0.1716,0.0884,False,499061,14.99,True,3619
377160,Fallout 4,RPG,2025-12-18,2026-01-05,60,17,136.03,146.11,143.79,0.0741,0.057,True,392287,19.99,False,3692
377160,Fallout 4,RPG,2026-01-28,2026-02-06,75,9,142.17,185.89,165.29,0.3075,0.1626,False,392287,19.99,False,3733
377160,Fallout 4,RPG,2026-03-19,2026-03-26,60,6,89.73,70.29,60.43,-0.2167,-0.3266,False,392287,19.99,False,3783
1623730,Palworld,RPG,2025-12-04,2026-01-05,25,32,163.43,140.09,122.79,-0.1428,-0.2487,True,380709,29.99,True,686
1623730,Palworld,RPG,2026-02-12,2026-02-24,25,11,110.7,127.33,95.79,0.1503,-0.1347,False,380709,29.99,True,756
4000,Garry's Mod,Strategy/Simulation,2026-03-19,2026-03-26,50,6,324.6,310.0,302.64,-0.045,-0.0676,False,1159707,9.99,True,7050
227300,Euro Truck Simulator 2,Strategy/Simulation,2026-02-19,2026-02-26,75,6,153.97,420.43,294.43,1.7306,0.9123,False,867404,19.99,True,4878
227300,Euro Truck Simulator 2,Strategy/Simulation,2026-03-19,2026-03-26,75,6,301.37,296.29,274.64,-0.0169,-0.0887,False,867404,19.99,True,4906
242760,The Forest,Strategy/Simulation,2026-03-19,2026-03-26,78,6,101.87,239.14,210.71,1.3476,1.0685,False,627791,19.99,True,2880
108600,Project Zomboid,Strategy/Simulation,2026-03-19,2026-03-26,33,6,213.77,256.71,229.86,0.2009,0.0753,False,377063,19.99,True,4514
251570,7 Days to Die,Strategy/Simulation,2025-08-25,2025-09-08,40,13,61.1,87.21,75.07,0.4274,0.2287,False,370046,44.99,True,396
251570,7 Days to Die,Strategy/Simulation,2025-09-29,2025-10-06,40,6,74.9,79.29,64.14,0.0586,-0.1436,False,370046,44.99,True,431
251570,7 Days to Die,Strategy/Simulation,2025-10-27,2025-11-03,40,7,69.0,66.57,60.29,-0.0352,-0.1263,False,370046,44.99,True,459
251570,7 Days to Die,Strategy/Simulation,2025-12-18,2026-01-05,45,18,132.03,98.72,84.36,-0.2523,-0.3611,True,370046,44.99,True,511
251570,7 Days to Die,Strategy/Simulation,2026-01-28,2026-02-07,45,9,83.73,71.2,59.29,-0.1497,-0.292,False,370046,44.99,True,552
251570,7 Days to Die,Strategy/Simulation,2026-03-19,2026-03-26,45,6,56.2,69.0,69.79,0.2278,0.2417,False,370046,44.99,True,602
960090,Bloons TD 6,Strategy/Simulation,2025-12-18,2026-01-05,70,18,178.0,115.44,108.29,-0.3514,-0.3917,True,353960,13.99,True,2558
960090,Bloons TD 6,Strategy/Simulation,2026-03-09,2026-03-16,60,7,102.73,118.86,101.36,0.1569,-0.0134,False,353960,13.99,True,2639
960090,Bloons TD 6,Strategy/Simulation,2026-03-19,2026-03-26,60,6,98.33,104.29,96.14,0.0605,-0.0223,False,353960,13.99,True,2649
289070,Sid Meier’s Civilization VI,Strategy/Simulation,2025-08-04,2025-08-18,90,14,88.2,81.64,72.64,-0.0743,-0.1764,False,349920,59.99,True,3210
289070,Sid Meier’s Civilization VI,Strategy/Simulation,2025-09-18,2025-10-06,90,17,61.47,66.39,58.21,0.0801,-0.0529,False,349920,59.99,True,3255
289070,Sid Meier’s Civilization VI,Strategy/Simulation,2025-11-03,2025-11-17,90,14,56.0,70.86,66.0,0.2653,0.1786,False,349920,59.99,True,3301
289070,Sid Meier’s Civilization VI,Strategy/Simulation,2025-12-18,2026-01-05,90,17,57.63,77.78,60.14,0.3495,0.0435,True,349920,59.99,True,3346
289070,Sid Meier’s Civilization VI,Strategy/Simulation,2026-02-05,2026-02-19,90,13,55.23,67.64,63.07,0.2247,0.1419,False,349920,59.99,True,3395
289070,Sid Meier’s Civilization VI,Strategy/Simulation,2026-03-19,2026-03-30,90,10,58.97,68.73,54.79,0.1655,-0.0709,False,349920,59.99,True,3437
648800,Raft,Strategy/Simulation,2025-09-29,2025-10-06,33,6,61.3,106.43,92.21,0.7362,0.5043,False,346359,19.99,True,1197
648800,Raft,Strategy/Simulation,2025-12-18,2026-01-05,33,18,66.23,150.33,119.93,1.2698,0.8107,True,346359,19.99,True,1277
648800,Raft,Strategy/Simulation,2026-03-19,2026-03-26,33,6,83.63,134.86,113.21,0.6125,0.3537,False,346359,19.99,True,1368
394360,Hearts of Iron IV,Strategy/Simulation,2025-12-18,2026-01-05,70,17,228.47,139.61,119.79,-0.3889,-0.4757,True,342150,49.99,True,3482
394360,Hearts of Iron IV,Strategy/Simulation,2026-03-09,2026-03-26,70,17,93.0,130.88,121.21,0.4073,0.3034,False,342150,49.99,True,3563
284160,BeamNG.drive,Strategy/Simulation,2026-02-15,2026-02-22,20,6,207.33,337.86,236.57,0.6295,0.141,False,322278,24.99,False,3915
284160,BeamNG.drive,Strategy/Simulation,2026-03-19,2026-03-26,20,6,235.2,227.57,250.86,-0.0324,0.0666,False,322278,24.99,False,3947
1966720,Lethal Company,Adventure,2025-09-29,2025-10-06,25,6,62.0,84.14,74.14,0.3571,0.1959,False,487160,9.99,True,707
1966720,Lethal Company,Adventure,2025-10-30,2025-11-03,35,4,75.57,86.5,73.86,0.1447,-0.0226,False,487160,9.99,True,738
1966720,Lethal Company,Adventure,2025-12-18,2026-01-05,25,18,107.47,106.39,88.36,-0.01,-0.1778,True,487160,9.99,True,787
1966720,Lethal Company,Adventure,2026-03-19,2026-03-26,20,7,68.33,67.14,132.43,-0.0174,0.938,False,487160,9.99,True,878
620,Portal 2,Adventure,2025-12-18,2026-01-05,80,18,86.4,172.56,130.36,0.9972,0.5088,True,433510,9.99,True,5358
620,Portal 2,Adventure,2026-03-19,2026-03-26,80,6,75.27,120.57,115.5,0.6019,0.5345,False,433510,9.99,True,5449
221100,DayZ,Adventure,2025-10-27,2025-11-03,50,7,89.2,111.0,88.21,0.2444,-0.0111,False,430252,49.99,True,2510
221100,DayZ,Adventure,2025-12-18,2026-01-05,55,18,86.83,129.5,125.29,0.4914,0.4428,True,430252,49.99,True,2562
221100,DayZ,Adventure,2026-02-05,2026-02-19,50,13,108.83,115.64,108.86,0.0626,0.0002,False,430252,49.99,True,2611
221100,DayZ,Adventure,2026-03-19,2026-03-26,50,6,99.3,100.29,113.57,0.0099,0.1437,False,430252,49.99,True,2653
367520,Hollow Knight,Adventure,2026-03-19,2026-03-26,50,6,190.4,212.14,228.29,0.1142,0.199,False,415946,14.99,False,3310
1172620,Sea of Thieves: 2025 Edition,Adventure,2025-06-24,2025-07-10,65,15,52.17,104.12,75.14,0.996,0.4404,True,355238,39.99,True,1847
1172620,Sea of Thieves: 2025 Edition,Adventure,2025-08-11,2025-08-18,50,6,62.03,69.57,50.43,0.1215,-0.1871,False,355238,39.99,True,1895
1172620,Sea of Thieves: 2025 Edition,Adventure,2025-09-24,2025-10-06,50,12,38.33,50.33,43.5,0.313,0.1348,False,355238,39.99,True,1939
1172620,Sea of Thieves: 2025 Edition,Adventure,2025-11-21,2025-12-02,50,11,33.37,122.73,44.64,2.6781,0.3379,True,355238,39.99,True,1997
1172620,Sea of Thieves: 2025 Edition,Adventure,2025-12-18,2026-01-05,65,17,70.6,85.61,67.5,0.2126,-0.0439,True,355238,39.99,True,2024
1172620,Sea of Thieves: 2025 Edition,Adventure,2026-02-09,2026-02-16,50,7,51.03,43.57,48.43,-0.1462,-0.051,False,355238,39.99,True,2077
1172620,Sea of Thieves: 2025 Edition,Adventure,2026-03-19,2026-03-26,50,7,43.53,51.71,50.71,0.1879,0.165,False,355238,39.99,True,2115
275850,No Man's Sky,Adventure,2025-12-18,2026-01-05,60,17,270.13,137.44,92.36,-0.4912,-0.6581,True,352858,59.99,True,3415
275850,No Man's Sky,Adventure,2026-02-09,2026-02-23,60,14,69.1,177.07,97.5,1.5625,0.411,False,352858,59.99,True,3468
275850,No Man's Sky,Adventure,2026-03-19,2026-03-26,60,6,102.73,92.71,87.14,-0.0975,-0.1518,False,352858,59.99,True,3506
814380,Sekiro: Shadows Die Twice - GOTY Edition,Adventure,2025-09-22,2025-10-06,50,14,89.03,98.5,92.71,0.1063,0.0413,False,322234,59.99,False,2377
814380,Sekiro: Shadows Die Twice - GOTY Edition,Adventure,2025-11-19,2025-12-03,50,14,66.63,95.5,76.71,0.4332,0.1513,True,322234,59.99,False,2435
814380,Sekiro: Shadows Die Twice - GOTY Edition,Adventure,2025-12-18,2026-01-05,50,17,84.3,102.17,84.0,0.2119,-0.0036,True,322234,59.99,False,2464
814380,Sekiro: Shadows Die Twice - GOTY Edition,Adventure,2026-03-19,2026-03-26,50,7,52.53,85.57,89.0,0.6289,0.6942,False,322234,59.99,False,2555
990080,Hogwarts Legacy,Adventure,2025-12-18,2026-01-05,90,17,178.37,248.61,158.14,0.3938,-0.1134,True,321395,59.99,False,1042
990080,Hogwarts Legacy,Adventure,2026-02-05,2026-02-12,85,6,123.97,114.14,101.43,-0.0792,-0.1818,False,321395,59.99,False,1091
990080,Hogwarts Legacy,Adventure,2026-03-14,2026-03-26,85,12,85.73,106.92,97.86,0.2471,0.1414,False,321395,59.99,False,1128
264710,Subnautica,Adventure,2026-03-19,2026-03-26,67,6,96.37,148.71,372.5,0.5432,2.8654,False,313707,29.99,False,2977
1517290,Battlefield 2042,Adventure,2026-03-12,2026-03-26,95,14,15.63,72.71,33.93,3.6512,1.1703,False,297774,59.99,True,1574
632360,Risk of Rain 2,Casual/Indie,2025-12-18,2026-01-05,67,17,346.83,137.17,92.86,-0.6045,-0.7323,True,313577,24.99,True,1955
632360,Risk of Rain 2,Casual/Indie,2026-02-05,2026-02-19,67,13,75.2,94.43,70.64,0.2557,-0.0606,False,313577,24.99,True,2004
632360,Risk of Rain 2,Casual/Indie,2026-03-19,2026-03-26,67,6,62.83,80.14,64.57,0.2755,0.0277,False,313577,24.99,True,2046
1118200,People Playground,Casual/Indie,2025-12-18,2026-01-05,90,17,86.77,235.33,163.57,1.7123,0.8852,True,281763,9.99,False,2340
1145360,Hades,Casual/Indie,2025-09-17,2025-09-25,75,7,36.3,158.38,196.93,3.3629,4.425,False,279741,24.99,False,1826
1145360,Hades,Casual/Indie,2025-09-29,2025-10-06,75,6,91.2,196.14,136.5,1.1507,0.4967,False,279741,24.99,False,1838
1145360,Hades,Casual/Indie,2025-10-27,2025-11-03,66,7,143.87,94.43,79.71,-0.3436,-0.4459,False,279741,24.99,False,1866
1145360,Hades,Casual/Indie,2025-12-18,2026-01-05,70,17,65.37,117.33,92.07,0.795,0.4085,True,279741,24.99,False,1918
1145360,Hades,Casual/Indie,2026-02-17,2026-02-24,65,7,53.37,67.29,56.07,0.2608,0.0507,False,279741,24.99,False,1979
1145360,Hades,Casual/Indie,2026-03-19,2026-03-26,75,7,55.1,77.0,68.0,0.3975,0.2341,False,279741,24.99,False,2009
391540,Undertale,Casual/Indie,2025-12-04,2026-01-05,75,32,106.93,137.5,126.57,0.2858,0.1836,True,272932,9.99,False,3733
391540,Undertale,Casual/Indie,2026-01-17,2026-01-31,75,14,144.87,132.57,112.0,-0.0849,-0.2269,False,272932,9.99,False,3777
391540,Undertale,Casual/Indie,2026-03-02,2026-03-16,75,13,110.17,123.79,120.29,0.1236,0.0919,False,272932,9.99,False,3821
391540,Undertale,Casual/Indie,2026-03-19,2026-03-26,75,6,115.43,116.43,169.5,0.0086,0.4684,False,272932,9.99,False,3838
261550,Mount & Blade II: Bannerlord,Casual/Indie,2025-09-22,2025-10-06,40,14,56.47,91.5,77.71,0.6204,0.3763,False,264391,49.99,True,1063
261550,Mount & Blade II: Bannerlord,Casual/Indie,2025-11-26,2025-12-10,50,13,63.43,247.57,115.36,2.9029,0.8186,True,264391,49.99,True,1128
261550,Mount & Blade II: Bannerlord,Casual/Indie,2025-12-18,2026-01-05,50,17,168.23,116.11,83.14,-0.3098,-0.5058,True,264391,49.99,True,1150
261550,Mount & Blade II: Bannerlord,Casual/Indie,2026-03-19,2026-03-26,50,6,62.1,78.29,76.14,0.2606,0.2261,False,264391,49.99,True,1241
1326470,Sons Of The Forest,Casual/Indie,2026-03-19,2026-03-26,70,7,95.47,241.57,216.36,1.5304,1.2663,False,253546,29.99,True,756
1144200,Ready or Not,Casual/Indie,2026-02-05,2026-02-15,40,9,111.43,126.1,113.57,0.1316,0.0192,False,236196,49.99,True,785
1144200,Ready or Not,Casual/Indie,2026-03-19,2026-03-26,50,6,140.57,359.86,236.5,1.56,0.6825,False,236196,49.99,True,827
526870,Satisfactory,Casual/Indie,2025-12-01,2025-12-08,30,7,175.57,123.0,89.21,-0.2994,-0.4918,True,232064,39.99,True,447
526870,Satisfactory,Casual/Indie,2025-12-18,2026-01-05,30,17,178.33,136.0,110.29,-0.2374,-0.3816,True,232064,39.99,True,464
526870,Satisfactory,Casual/Indie,2026-03-05,2026-03-26,30,20,89.6,134.0,123.79,0.4955,0.3815,False,232064,39.99,True,541
1468810,鬼谷八荒 Tale of Immortal,Casual/Indie,2024-05-27,2024-06-03,30,7,11.5,11.71,13.64,0.0186,0.1863,False,227104,19.99,False,367
1468810,鬼谷八荒 Tale of Immortal,Casual/Indie,2024-06-27,2024-07-11,30,13,13.67,18.29,14.43,0.338,0.0557,True,227104,19.99,False,398
1468810,鬼谷八荒 Tale of Immortal,Casual/Indie,2024-11-06,2024-11-12,30,6,11.03,15.67,20.79,0.4199,0.8839,False,227104,19.99,False,530
1468810,鬼谷八荒 Tale of Immortal,Casual/Indie,2024-12-12,2024-12-19,40,7,18.13,20.29,42.71,0.1187,1.3556,True,227104,19.99,False,566
1468810,鬼谷八荒 Tale of Immortal,Casual/Indie,2024-12-20,2025-01-02,40,13,18.97,44.54,33.07,1.3482,0.7437,True,227104,19.99,False,574
1468810,鬼谷八荒 Tale of Immortal,Casual/Indie,2025-01-26,2025-02-09,30,14,35.43,27.79,19.21,-0.2158,-0.4577,True,227104,19.99,False,611
1468810,鬼谷八荒 Tale of Immortal,Casual/Indie,2025-03-13,2025-03-20,30,6,15.8,15.43,13.5,-0.0235,-0.1456,True,227104,19.99,False,657
1468810,鬼谷八荒 Tale of Immortal,Casual/Indie,2025-05-20,2025-05-27,30,6,9.63,11.43,11.43,0.1864,0.1864,False,227104,19.99,False,725
1468810,鬼谷八荒 Tale of Immortal,Casual/Indie,2025-06-26,2025-07-10,30,13,11.57,12.07,12.57,0.0436,0.0869,True,227104,19.99,False,762
1468810,鬼谷八荒 Tale of Immortal,Casual/Indie,2025-07-22,2025-07-28,30,6,12.13,14.83,12.93,0.2225,0.0655,False,227104,19.99,False,788
1468810,鬼谷八荒 Tale of Immortal,Casual/Indie,2025-09-23,2025-10-06,30,13,9.23,10.23,11.64,0.108,0.261,False,227104,19.99,False,851
1468810,鬼谷八荒 Tale of Immortal,Casual/Indie,2025-12-04,2025-12-11,30,7,13.83,9.14,8.79,-0.3391,-0.3649,False,227104,19.99,False,923
1468810,鬼谷八荒 Tale of Immortal,Casual/Indie,2025-12-18,2026-01-05,30,17,14.4,10.89,9.5,-0.2438,-0.3403,True,227104,19.99,False,937
1468810,鬼谷八荒 Tale of Immortal,Casual/Indie,2026-01-26,2026-02-09,45,14,10.63,23.0,15.64,1.163,0.4711,False,227104,19.99,False,976
1468810,鬼谷八荒 Tale of Immortal,Casual/Indie,2026-03-19,2026-03-26,40,7,11.87,11.57,10.0,-0.0249,-0.1573,False,227104,19.99,False,1028
