appid,name,genre_category,discount_start,discount_end,discount_pct,duration_days
105600,Terraria,Action,2024-05-27,2024-06-03,50,7
105600,Terraria,Action,2024-06-27,2024-07-11,50,13
105600,Terraria,Action,2024-11-27,2024-12-04,50,6
105600,Terraria,Action,2024-12-19,2025-01-02,50,13
105600,Terraria,Action,2025-03-13,2025-03-20,50,6
105600,Terraria,Action,2025-04-10,2025-04-14,50,4
105600,Terraria,Action,2025-06-26,2025-07-10,50,13
105600,Terraria,Action,2025-09-29,2025-10-06,50,6
105600,Terraria,Action,2025-12-18,2026-01-05,50,18
105600,Terraria,Action,2026-03-19,2026-03-26,50,6
252490,Rust,Action,2024-05-27,2024-06-03,50,7
252490,Rust,Action,2024-06-27,2024-07-11,33,13
252490,Rust,Action,2024-07-15,2024-07-22,50,7
252490,Rust,Action,2024-10-03,2024-10-08,40,5
252490,Rust,Action,2024-11-07,2024-11-09,40,2
252490,Rust,Action,2024-11-27,2024-12-04,40,6
252490,Rust,Action,2024-12-09,2025-01-02,50,24
252490,Rust,Action,2025-02-06,2025-02-08,50,1
252490,Rust,Action,2025-03-13,2025-03-20,40,6
252490,Rust,Action,2025-03-24,2025-04-01,40,7
252490,Rust,Action,2025-05-01,2025-05-03,50,1
252490,Rust,Action,2025-06-26,2025-07-10,40,13
252490,Rust,Action,2025-08-07,2025-08-14,50,7
252490,Rust,Action,2025-09-29,2025-10-06,50,6
252490,Rust,Action,2025-10-23,2025-11-06,40,13
252490,Rust,Action,2025-12-08,2026-01-05,50,28
252490,Rust,Action,2026-02-05,2026-02-19,50,13
252490,Rust,Action,2026-03-19,2026-03-26,50,6
252490,Rust,Action,2026-04-27,2026-05-11,50,14
2358720,Black Myth: Wukong,RPG,2025-06-20,2025-07-10,20,20
2358720,Black Myth: Wukong,RPG,2026-02-09,2026-02-23,25,13
1245620,ELDEN RING,RPG,2024-06-27,2024-07-11,30,13
1245620,ELDEN RING,RPG,2024-09-19,2024-09-26,30,7
1245620,ELDEN RING,RPG,2024-12-19,2025-01-02,40,13
1245620,ELDEN RING,RPG,2025-03-13,2025-03-20,40,6
1245620,ELDEN RING,RPG,2025-06-26,2025-07-10,40,13
1245620,ELDEN RING,RPG,2025-12-18,2026-01-05,35,18
1245620,ELDEN RING,RPG,2026-03-19,2026-03-26,35,7
553850,HELLDIVERS 2,Action,2024-09-12,2024-09-19,20,7
553850,HELLDIVERS 2,Action,2024-11-27,2024-12-04,20,6
553850,HELLDIVERS 2,Action,2024-12-12,2024-12-18,20,5
553850,HELLDIVERS 2,Action,2024-12-19,2025-01-02,20,13
553850,HELLDIVERS 2,Action,2025-02-06,2025-02-12,20,5
553850,HELLDIVERS 2,Action,2025-03-13,2025-03-20,20,6
553850,HELLDIVERS 2,Action,2025-05-20,2025-05-27,20,6
553850,HELLDIVERS 2,Action,2025-06-27,2025-07-10,20,13
553850,HELLDIVERS 2,Action,2025-09-29,2025-10-06,20,6
553850,HELLDIVERS 2,Action,2025-11-20,2025-12-02,20,11
553850,HELLDIVERS 2,Action,2025-12-18,2026-01-05,20,17
553850,HELLDIVERS 2,Action,2026-02-05,2026-02-15,25,9
553850,HELLDIVERS 2,Action,2026-03-19,2026-03-26,25,6
550,Left 4 Dead 2,Action,2024-06-27,2024-07-11,90,14
550,Left 4 Dead 2,Action,2024-10-28,2024-11-04,90,7
550,Left 4 Dead 2,Action,2024-11-14,2024-11-18,80,4
550,Left 4 Dead 2,Action,2024-11-27,2024-12-04,80,6
550,Left 4 Dead 2,Action,2024-12-19,2025-01-02,80,13
550,Left 4 Dead 2,Action,2025-02-10,2025-02-17,90,6
550,Left 4 Dead 2,Action,2025-03-13,2025-03-20,80,6
550,Left 4 Dead 2,Action,2025-05-26,2025-06-02,90,6
550,Left 4 Dead 2,Action,2025-06-27,2025-07-10,80,13
550,Left 4 Dead 2,Action,2025-09-29,2025-10-06,80,6
550,Left 4 Dead 2,Action,2025-10-27,2025-11-03,80,7
550,Left 4 Dead 2,Action,2025-12-18,2026-01-05,80,18
550,Left 4 Dead 2,Action,2026-03-19,2026-03-26,80,6
381210,Dead by Daylight,Action,2024-06-03,2024-06-17,60,14
381210,Dead by Daylight,Action,2024-06-27,2024-07-11,60,13
381210,Dead by Daylight,Action,2024-07-25,2024-08-08,60,13
381210,Dead by Daylight,Action,2024-10-20,2024-11-03,60,13
381210,Dead by Daylight,Action,2024-11-27,2024-12-04,60,6
381210,Dead by Daylight,Action,2024-12-19,2025-01-02,65,13
381210,Dead by Daylight,Action,2025-02-10,2025-02-24,60,13
381210,Dead by Daylight,Action,2025-03-13,2025-03-20,60,6
381210,Dead by Daylight,Action,2025-04-02,2025-04-15,60,13
381210,Dead by Daylight,Action,2025-06-17,2025-07-10,60,23
381210,Dead by Daylight,Action,2025-07-29,2025-08-12,60,13
381210,Dead by Daylight,Action,2025-09-29,2025-10-06,60,6
381210,Dead by Daylight,Action,2025-10-20,2025-11-03,60,13
381210,Dead by Daylight,Action,2025-12-18,2026-01-05,60,17
381210,Dead by Daylight,Action,2026-01-27,2026-02-10,60,13
381210,Dead by Daylight,Action,2026-03-17,2026-03-26,60,9
381210,Dead by Daylight,Action,2026-04-23,2026-05-07,60,13
739630,Phasmophobia,Action,2024-06-27,2024-07-11,25,14
739630,Phasmophobia,Action,2024-08-08,2024-08-15,20,7
739630,Phasmophobia,Action,2024-10-28,2024-11-04,25,7
739630,Phasmophobia,Action,2024-11-27,2024-12-04,20,6
739630,Phasmophobia,Action,2024-12-12,2024-12-18,20,5
739630,Phasmophobia,Action,2024-12-19,2025-01-02,25,13
739630,Phasmophobia,Action,2025-02-24,2025-03-03,25,7
739630,Phasmophobia,Action,2025-03-13,2025-03-20,25,6
739630,Phasmophobia,Action,2025-06-05,2025-06-12,25,6
739630,Phasmophobia,Action,2025-06-27,2025-07-10,25,13
739630,Phasmophobia,Action,2025-08-07,2025-08-14,25,7
739630,Phasmophobia,Action,2025-09-29,2025-10-06,25,6
739630,Phasmophobia,Action,2025-10-27,2025-11-03,25,7
739630,Phasmophobia,Action,2025-12-04,2026-01-05,30,32
739630,Phasmophobia,Action,2026-01-17,2026-01-31,30,14
739630,Phasmophobia,Action,2026-03-19,2026-03-28,30,8
739630,Phasmophobia,Action,2026-05-05,2026-05-19,30,13
1174180,Red Dead Redemption 2,Action,2024-05-27,2024-06-10,60,13
1174180,Red Dead Redemption 2,Action,2024-06-27,2024-07-11,67,13
1174180,Red Dead Redemption 2,Action,2024-07-15,2024-07-29,67,13
1174180,Red Dead Redemption 2,Action,2024-08-29,2024-09-12,60,14
1174180,Red Dead Redemption 2,Action,2024-11-27,2024-12-04,67,6
1174180,Red Dead Redemption 2,Action,2024-12-05,2025-01-02,67,28
1174180,Red Dead Redemption 2,Action,2025-01-23,2025-02-06,75,14
1174180,Red Dead Redemption 2,Action,2025-03-13,2025-03-20,75,6
1174180,Red Dead Redemption 2,Action,2025-04-03,2025-04-17,75,13
1174180,Red Dead Redemption 2,Action,2025-05-19,2025-06-02,75,14
1174180,Red Dead Redemption 2,Action,2025-06-27,2025-07-24,75,27
1174180,Red Dead Redemption 2,Action,2025-08-25,2025-09-08,75,13
1174180,Red Dead Redemption 2,Action,2025-09-29,2025-10-06,75,6
1174180,Red Dead Redemption 2,Action,2025-10-08,2025-10-20,75,12
1174180,Red Dead Redemption 2,Action,2025-11-20,2025-12-04,75,13
1174180,Red Dead Redemption 2,Action,2025-12-23,2026-01-05,75,13
1174180,Red Dead Redemption 2,Action,2026-01-22,2026-02-05,75,13
1174180,Red Dead Redemption 2,Action,2026-03-19,2026-04-09,75,20
1174180,Red Dead Redemption 2,Action,2026-05-11,2026-05-19,75,8
413150,Stardew Valley,Casual/Lightweight,2024-06-27,2024-07-11,40,13
413150,Stardew Valley,Casual/Lightweight,2024-08-09,2024-08-15,20,6
413150,Stardew Valley,Casual/Lightweight,2024-10-07,2024-10-14,50,7
413150,Stardew Valley,Casual/Lightweight,2024-11-27,2024-12-04,30,6
413150,Stardew Valley,Casual/Lightweight,2024-12-19,2025-01-02,40,13
413150,Stardew Valley,Casual/Lightweight,2025-03-13,2025-03-20,40,6
413150,Stardew Valley,Casual/Lightweight,2025-06-26,2025-07-10,50,13
413150,Stardew Valley,Casual/Lightweight,2025-08-07,2025-08-14,30,7
413150,Stardew Valley,Casual/Lightweight,2025-09-29,2025-10-06,30,6
413150,Stardew Valley,Casual/Lightweight,2025-12-18,2026-01-05,40,18
413150,Stardew Valley,Casual/Lightweight,2026-03-19,2026-03-26,50,6
413150,Stardew Valley,Casual/Lightweight,2026-05-14,2026-05-19,50,5
1091500,Cyberpunk 2077,RPG,2024-05-19,2024-05-26,50,6
1091500,Cyberpunk 2077,RPG,2024-06-27,2024-07-14,50,16
1091500,Cyberpunk 2077,RPG,2024-08-12,2024-08-19,50,6
1091500,Cyberpunk 2077,RPG,2024-09-19,2024-09-29,50,9
1091500,Cyberpunk 2077,RPG,2024-10-29,2024-11-10,50,11
1091500,Cyberpunk 2077,RPG,2024-11-27,2024-12-04,55,6
1091500,Cyberpunk 2077,RPG,2024-12-10,2024-12-18,55,8
1091500,Cyberpunk 2077,RPG,2024-12-20,2025-01-02,55,13
1091500,Cyberpunk 2077,RPG,2025-01-24,2025-02-02,55,8
1091500,Cyberpunk 2077,RPG,2025-03-13,2025-03-27,60,13
1091500,Cyberpunk 2077,RPG,2025-05-15,2025-05-25,60,10
1091500,Cyberpunk 2077,RPG,2025-06-26,2025-07-10,65,13
1091500,Cyberpunk 2077,RPG,2025-08-04,2025-08-17,65,12
1091500,Cyberpunk 2077,RPG,2025-09-18,2025-09-28,65,9
1091500,Cyberpunk 2077,RPG,2025-09-29,2025-10-06,65,6
1091500,Cyberpunk 2077,RPG,2025-11-27,2025-12-11,65,14
1091500,Cyberpunk 2077,RPG,2025-12-18,2026-01-05,65,17
1091500,Cyberpunk 2077,RPG,2026-02-12,2026-02-22,55,9
1091500,Cyberpunk 2077,RPG,2026-03-19,2026-03-26,65,7
1091500,Cyberpunk 2077,RPG,2026-04-20,2026-05-03,65,12
292030,The Witcher 3: Wild Hunt,,2024-05-19,2024-05-26,75,6
292030,The Witcher 3: Wild Hunt,,2024-06-27,2024-07-11,90,13
292030,The Witcher 3: Wild Hunt,,2024-08-12,2024-08-19,75,6
292030,The Witcher 3: Wild Hunt,,2024-09-19,2024-09-29,75,9
292030,The Witcher 3: Wild Hunt,,2024-10-29,2024-11-10,75,12
292030,The Witcher 3: Wild Hunt,,2024-11-27,2024-12-04,75,6
292030,The Witcher 3: Wild Hunt,,2024-12-10,2024-12-18,80,8
292030,The Witcher 3: Wild Hunt,,2024-12-19,2025-01-02,80,13
292030,The Witcher 3: Wild Hunt,,2025-01-24,2025-02-02,80,9
292030,The Witcher 3: Wild Hunt,,2025-03-13,2025-03-27,80,13
292030,The Witcher 3: Wild Hunt,,2025-05-15,2025-05-25,90,10
292030,The Witcher 3: Wild Hunt,,2025-06-26,2025-07-10,80,13
292030,The Witcher 3: Wild Hunt,,2025-08-04,2025-08-17,80,12
292030,The Witcher 3: Wild Hunt,,2025-09-18,2025-09-28,80,9
292030,The Witcher 3: Wild Hunt,,2025-09-29,2025-10-06,80,6
292030,The Witcher 3: Wild Hunt,,2025-11-27,2025-12-11,90,14
292030,The Witcher 3: Wild Hunt,,2025-12-18,2026-01-05,90,17
292030,The Witcher 3: Wild Hunt,,2026-02-12,2026-02-22,80,9
292030,The Witcher 3: Wild Hunt,,2026-03-19,2026-03-26,80,6
292030,The Witcher 3: Wild Hunt,,2026-04-20,2026-05-03,80,12
1086940,Baldur's Gate 3,RPG,2024-05-19,2024-05-23,15,3
1086940,Baldur's Gate 3,RPG,2024-06-27,2024-07-14,20,16
1086940,Baldur's Gate 3,RPG,2024-09-05,2024-09-09,20,4
1086940,Baldur's Gate 3,RPG,2024-11-04,2024-11-11,20,7
1086940,Baldur's Gate 3,RPG,2024-11-27,2024-12-04,20,6
1086940,Baldur's Gate 3,RPG,2024-12-19,2025-01-02,20,13
1086940,Baldur's Gate 3,RPG,2025-02-10,2025-02-17,20,6
1086940,Baldur's Gate 3,RPG,2025-03-13,2025-03-20,20,6
1086940,Baldur's Gate 3,RPG,2025-04-07,2025-04-21,20,13
1086940,Baldur's Gate 3,RPG,2025-05-19,2025-05-26,20,7
1086940,Baldur's Gate 3,RPG,2025-06-26,2025-07-10,20,13
1086940,Baldur's Gate 3,RPG,2025-09-01,2025-09-08,25,7
1086940,Baldur's Gate 3,RPG,2025-09-29,2025-10-06,25,6
1086940,Baldur's Gate 3,RPG,2025-12-18,2026-01-05,25,18
1086940,Baldur's Gate 3,RPG,2026-02-26,2026-03-02,25,4
1086940,Baldur's Gate 3,RPG,2026-03-19,2026-03-26,25,7
1086940,Baldur's Gate 3,RPG,2026-05-04,2026-05-11,25,7
218620,PAYDAY 2,Action,2024-06-27,2024-07-14,70,16
218620,PAYDAY 2,Action,2024-07-15,2024-07-29,70,14
218620,PAYDAY 2,Action,2024-09-16,2024-09-22,60,5
218620,PAYDAY 2,Action,2024-11-27,2024-12-04,60,6
218620,PAYDAY 2,Action,2024-12-19,2025-01-02,60,13
218620,PAYDAY 2,Action,2025-01-18,2025-02-01,75,13
218620,PAYDAY 2,Action,2025-03-13,2025-03-20,60,6
218620,PAYDAY 2,Action,2025-06-05,2025-06-12,67,7
218620,PAYDAY 2,Action,2025-06-27,2025-07-10,67,13
218620,PAYDAY 2,Action,2025-07-13,2025-07-27,67,13
218620,PAYDAY 2,Action,2025-09-25,2025-10-06,70,11
218620,PAYDAY 2,Action,2025-11-21,2025-12-05,50,13
218620,PAYDAY 2,Action,2025-12-18,2026-01-05,90,17
218620,PAYDAY 2,Action,2026-01-15,2026-01-29,50,14
218620,PAYDAY 2,Action,2026-02-28,2026-03-14,50,13
218620,PAYDAY 2,Action,2026-03-19,2026-03-26,50,6
218620,PAYDAY 2,Action,2026-05-13,2026-05-19,50,6
892970,Valheim,RPG,2024-05-19,2024-05-28,50,8
892970,Valheim,RPG,2024-06-27,2024-07-11,50,13
892970,Valheim,RPG,2024-07-15,2024-07-29,50,14
892970,Valheim,RPG,2024-10-22,2024-10-23,50,1
892970,Valheim,RPG,2024-10-28,2024-11-03,50,6
892970,Valheim,RPG,2024-11-27,2024-12-04,50,6
892970,Valheim,RPG,2024-12-13,2025-01-02,50,20
892970,Valheim,RPG,2025-01-28,2025-02-03,50,6
892970,Valheim,RPG,2025-03-13,2025-03-31,50,17
892970,Valheim,RPG,2025-06-26,2025-07-10,50,13
892970,Valheim,RPG,2025-09-08,2025-09-15,50,7
892970,Valheim,RPG,2025-09-29,2025-10-06,50,6
892970,Valheim,RPG,2025-10-21,2025-11-04,50,14
892970,Valheim,RPG,2025-12-18,2026-01-05,50,18
892970,Valheim,RPG,2026-01-20,2026-02-03,50,13
892970,Valheim,RPG,2026-03-05,2026-03-26,50,20
892970,Valheim,RPG,2026-04-18,2026-04-30,50,11
322330,Don't Starve Together,RPG,2024-06-20,2024-07-11,66,21
322330,Don't Starve Together,RPG,2024-10-24,2024-11-04,66,11
322330,Don't Starve Together,RPG,2024-11-27,2024-12-04,66,6
322330,Don't Starve Together,RPG,2024-12-19,2025-01-02,66,13
322330,Don't Starve Together,RPG,2025-03-13,2025-03-20,66,6
322330,Don't Starve Together,RPG,2025-04-10,2025-04-24,66,13
322330,Don't Starve Together,RPG,2025-06-12,2025-07-10,66,27
322330,Don't Starve Together,RPG,2025-09-18,2025-09-27,66,9
322330,Don't Starve Together,RPG,2025-09-29,2025-10-06,66,6
322330,Don't Starve Together,RPG,2025-10-27,2025-11-03,66,7
322330,Don't Starve Together,RPG,2025-12-18,2026-01-05,66,18
322330,Don't Starve Together,RPG,2026-02-12,2026-02-19,66,7
322330,Don't Starve Together,RPG,2026-03-19,2026-03-26,66,6
322330,Don't Starve Together,RPG,2026-04-09,2026-04-23,66,13
239140,Dying Light,RPG,2024-08-19,2024-09-02,80,14
239140,Dying Light,RPG,2024-10-23,2024-11-06,85,13
239140,Dying Light,RPG,2024-11-27,2024-12-04,80,6
239140,Dying Light,RPG,2024-12-06,2025-01-02,80,26
377160,Fallout 4,RPG,2024-06-27,2024-07-11,60,14
377160,Fallout 4,RPG,2024-08-08,2024-08-21,60,12
377160,Fallout 4,RPG,2024-10-22,2024-10-29,67,7
377160,Fallout 4,RPG,2024-11-27,2024-12-04,60,6
377160,Fallout 4,RPG,2024-12-19,2025-01-02,60,13
377160,Fallout 4,RPG,2025-03-13,2025-03-20,60,6
377160,Fallout 4,RPG,2025-06-26,2025-07-10,60,13
377160,Fallout 4,RPG,2025-07-30,2025-08-13,60,14
377160,Fallout 4,RPG,2025-09-29,2025-10-06,60,6
377160,Fallout 4,RPG,2025-10-17,2025-10-24,75,6
377160,Fallout 4,RPG,2025-11-24,2025-12-02,60,7
377160,Fallout 4,RPG,2025-12-18,2026-01-05,60,17
377160,Fallout 4,RPG,2026-01-28,2026-02-06,75,9
377160,Fallout 4,RPG,2026-03-19,2026-03-26,60,6
1623730,Palworld,RPG,2024-05-27,2024-06-03,10,7
1623730,Palworld,RPG,2024-06-27,2024-07-18,25,20
1623730,Palworld,RPG,2024-11-27,2024-12-04,25,6
1623730,Palworld,RPG,2024-12-05,2025-01-02,25,28
1623730,Palworld,RPG,2025-01-23,2025-02-06,25,14
1623730,Palworld,RPG,2025-03-08,2025-03-20,25,12
1623730,Palworld,RPG,2025-05-12,2025-05-19,25,6
1623730,Palworld,RPG,2025-06-18,2025-07-10,25,22
1623730,Palworld,RPG,2025-07-26,2025-08-09,25,14
1623730,Palworld,RPG,2025-09-08,2025-09-22,25,13
1623730,Palworld,RPG,2025-09-29,2025-10-06,25,6
1623730,Palworld,RPG,2025-10-22,2025-11-04,25,13
1623730,Palworld,RPG,2025-12-04,2026-01-05,25,32
1623730,Palworld,RPG,2026-02-12,2026-02-24,25,11
1623730,Palworld,RPG,2026-03-19,2026-04-05,25,16
4000,Garry's Mod,Strategy/Simulation,2024-06-27,2024-07-11,50,14
4000,Garry's Mod,Strategy/Simulation,2024-07-15,2024-07-22,50,7
4000,Garry's Mod,Strategy/Simulation,2024-11-07,2024-11-21,40,14
4000,Garry's Mod,Strategy/Simulation,2024-11-27,2024-12-04,40,6
4000,Garry's Mod,Strategy/Simulation,2024-12-19,2025-01-02,50,13
4000,Garry's Mod,Strategy/Simulation,2025-01-13,2025-01-27,50,14
4000,Garry's Mod,Strategy/Simulation,2025-02-26,2025-03-12,40,14
4000,Garry's Mod,Strategy/Simulation,2025-03-13,2025-03-20,40,6
4000,Garry's Mod,Strategy/Simulation,2025-04-11,2025-04-25,40,13
4000,Garry's Mod,Strategy/Simulation,2025-05-25,2025-06-08,40,13
4000,Garry's Mod,Strategy/Simulation,2025-06-27,2025-07-24,40,27
4000,Garry's Mod,Strategy/Simulation,2025-08-23,2025-09-06,40,13
4000,Garry's Mod,Strategy/Simulation,2025-09-29,2025-10-20,50,20
4000,Garry's Mod,Strategy/Simulation,2025-11-19,2025-12-03,50,13
4000,Garry's Mod,Strategy/Simulation,2025-12-18,2026-01-18,50,30
4000,Garry's Mod,Strategy/Simulation,2026-02-17,2026-03-03,50,13
4000,Garry's Mod,Strategy/Simulation,2026-03-19,2026-03-26,50,6
4000,Garry's Mod,Strategy/Simulation,2026-04-23,2026-05-07,50,13
227300,Euro Truck Simulator 2,Strategy/Simulation,2024-05-19,2024-05-30,75,10
227300,Euro Truck Simulator 2,Strategy/Simulation,2024-06-27,2024-07-11,90,14
227300,Euro Truck Simulator 2,Strategy/Simulation,2024-07-22,2024-07-29,75,7
227300,Euro Truck Simulator 2,Strategy/Simulation,2024-09-16,2024-09-23,75,7
227300,Euro Truck Simulator 2,Strategy/Simulation,2024-10-24,2024-11-03,75,9
227300,Euro Truck Simulator 2,Strategy/Simulation,2024-11-27,2024-12-12,75,14
227300,Euro Truck Simulator 2,Strategy/Simulation,2024-12-19,2025-01-02,75,13
227300,Euro Truck Simulator 2,Strategy/Simulation,2025-01-13,2025-01-20,75,6
227300,Euro Truck Simulator 2,Strategy/Simulation,2025-02-24,2025-03-03,75,7
227300,Euro Truck Simulator 2,Strategy/Simulation,2025-03-13,2025-03-20,75,6
227300,Euro Truck Simulator 2,Strategy/Simulation,2025-04-03,2025-04-16,75,12
227300,Euro Truck Simulator 2,Strategy/Simulation,2025-05-19,2025-05-26,75,7
227300,Euro Truck Simulator 2,Strategy/Simulation,2025-06-26,2025-07-23,75,26
227300,Euro Truck Simulator 2,Strategy/Simulation,2025-08-25,2025-09-01,75,6
227300,Euro Truck Simulator 2,Strategy/Simulation,2025-09-29,2025-10-13,75,13
227300,Euro Truck Simulator 2,Strategy/Simulation,2025-11-27,2025-12-11,75,14
227300,Euro Truck Simulator 2,Strategy/Simulation,2025-12-18,2026-01-05,75,17
227300,Euro Truck Simulator 2,Strategy/Simulation,2026-01-12,2026-01-19,75,7
227300,Euro Truck Simulator 2,Strategy/Simulation,2026-02-19,2026-02-26,75,6
227300,Euro Truck Simulator 2,Strategy/Simulation,2026-03-19,2026-03-26,75,6
227300,Euro Truck Simulator 2,Strategy/Simulation,2026-04-06,2026-04-13,75,7
227300,Euro Truck Simulator 2,Strategy/Simulation,2026-05-14,2026-05-19,75,5
242760,The Forest,Strategy/Simulation,2024-05-27,2024-06-03,75,7
242760,The Forest,Strategy/Simulation,2024-06-27,2024-07-11,75,13
242760,The Forest,Strategy/Simulation,2024-10-28,2024-11-04,80,7
242760,The Forest,Strategy/Simulation,2024-11-27,2024-12-04,80,6
242760,The Forest,Strategy/Simulation,2024-12-19,2025-01-02,90,13
242760,The Forest,Strategy/Simulation,2025-03-13,2025-03-20,77,6
242760,The Forest,Strategy/Simulation,2025-06-26,2025-07-10,80,13
242760,The Forest,Strategy/Simulation,2025-09-29,2025-10-06,75,6
242760,The Forest,Strategy/Simulation,2025-10-27,2025-11-03,76,7
242760,The Forest,Strategy/Simulation,2025-12-18,2026-01-05,77,18
242760,The Forest,Strategy/Simulation,2026-03-19,2026-03-26,78,6
251570,7 Days to Die,Strategy/Simulation,2024-10-28,2024-11-04,20,7
251570,7 Days to Die,Strategy/Simulation,2024-11-27,2024-12-04,30,6
251570,7 Days to Die,Strategy/Simulation,2024-12-19,2025-01-02,30,13
251570,7 Days to Die,Strategy/Simulation,2025-02-28,2025-03-12,35,11
251570,7 Days to Die,Strategy/Simulation,2025-03-13,2025-03-20,35,6
251570,7 Days to Die,Strategy/Simulation,2025-04-17,2025-04-27,35,10
251570,7 Days to Die,Strategy/Simulation,2025-06-26,2025-07-10,40,13
251570,7 Days to Die,Strategy/Simulation,2025-08-25,2025-09-08,40,13
251570,7 Days to Die,Strategy/Simulation,2025-09-29,2025-10-06,40,6
251570,7 Days to Die,Strategy/Simulation,2025-10-27,2025-11-03,40,7
251570,7 Days to Die,Strategy/Simulation,2025-12-18,2026-01-05,45,18
251570,7 Days to Die,Strategy/Simulation,2026-01-28,2026-02-07,45,9
251570,7 Days to Die,Strategy/Simulation,2026-03-19,2026-03-26,45,6
960090,Bloons TD 6,Strategy/Simulation,2024-05-19,2024-05-24,65,4
960090,Bloons TD 6,Strategy/Simulation,2024-06-27,2024-07-11,90,14
960090,Bloons TD 6,Strategy/Simulation,2024-07-29,2024-08-05,50,7
960090,Bloons TD 6,Strategy/Simulation,2024-09-09,2024-09-16,50,7
960090,Bloons TD 6,Strategy/Simulation,2024-11-27,2024-12-04,70,6
960090,Bloons TD 6,Strategy/Simulation,2024-12-09,2024-12-16,70,6
960090,Bloons TD 6,Strategy/Simulation,2024-12-19,2025-01-02,70,13
960090,Bloons TD 6,Strategy/Simulation,2025-03-13,2025-03-20,80,6
960090,Bloons TD 6,Strategy/Simulation,2025-06-26,2025-07-10,90,13
960090,Bloons TD 6,Strategy/Simulation,2025-09-29,2025-10-06,70,7
960090,Bloons TD 6,Strategy/Simulation,2025-10-27,2025-11-03,90,6
960090,Bloons TD 6,Strategy/Simulation,2025-12-18,2026-01-05,70,18
960090,Bloons TD 6,Strategy/Simulation,2026-03-09,2026-03-16,60,7
960090,Bloons TD 6,Strategy/Simulation,2026-03-19,2026-03-26,60,6
289070,Sid Meier’s Civilization VI,Strategy/Simulation,2024-06-07,2024-06-21,95,14
289070,Sid Meier’s Civilization VI,Strategy/Simulation,2024-06-27,2024-07-11,95,13
289070,Sid Meier’s Civilization VI,Strategy/Simulation,2024-08-19,2024-09-02,90,14
289070,Sid Meier’s Civilization VI,Strategy/Simulation,2024-10-17,2024-10-31,90,13
289070,Sid Meier’s Civilization VI,Strategy/Simulation,2024-11-27,2024-12-04,90,6
289070,Sid Meier’s Civilization VI,Strategy/Simulation,2024-12-05,2025-01-02,95,28
289070,Sid Meier’s Civilization VI,Strategy/Simulation,2025-03-13,2025-03-20,90,6
289070,Sid Meier’s Civilization VI,Strategy/Simulation,2025-03-24,2025-04-07,90,14
289070,Sid Meier’s Civilization VI,Strategy/Simulation,2025-05-08,2025-05-22,90,13
289070,Sid Meier’s Civilization VI,Strategy/Simulation,2025-06-23,2025-07-10,95,16
289070,Sid Meier’s Civilization VI,Strategy/Simulation,2025-08-04,2025-08-18,90,14
289070,Sid Meier’s Civilization VI,Strategy/Simulation,2025-09-18,2025-10-06,90,17
289070,Sid Meier’s Civilization VI,Strategy/Simulation,2025-11-03,2025-11-17,90,14
289070,Sid Meier’s Civilization VI,Strategy/Simulation,2025-12-18,2026-01-05,90,17
289070,Sid Meier’s Civilization VI,Strategy/Simulation,2026-02-05,2026-02-19,90,13
289070,Sid Meier’s Civilization VI,Strategy/Simulation,2026-03-19,2026-03-30,90,10
289070,Sid Meier’s Civilization VI,Strategy/Simulation,2026-04-30,2026-05-14,90,14
648800,Raft,Strategy/Simulation,2024-06-27,2024-07-11,33,14
648800,Raft,Strategy/Simulation,2024-11-27,2024-12-04,33,6
648800,Raft,Strategy/Simulation,2024-12-19,2025-01-02,33,13
648800,Raft,Strategy/Simulation,2025-03-13,2025-03-20,33,6
648800,Raft,Strategy/Simulation,2025-06-26,2025-07-10,33,13
648800,Raft,Strategy/Simulation,2025-09-29,2025-10-06,33,6
648800,Raft,Strategy/Simulation,2025-12-18,2026-01-05,33,18
648800,Raft,Strategy/Simulation,2026-03-19,2026-03-26,33,6
394360,Hearts of Iron IV,Strategy/Simulation,2024-05-19,2024-05-23,70,3
394360,Hearts of Iron IV,Strategy/Simulation,2024-06-27,2024-07-11,70,13
394360,Hearts of Iron IV,Strategy/Simulation,2024-07-18,2024-07-25,70,7
394360,Hearts of Iron IV,Strategy/Simulation,2024-08-26,2024-09-02,70,6
394360,Hearts of Iron IV,Strategy/Simulation,2024-10-03,2024-10-10,70,7
394360,Hearts of Iron IV,Strategy/Simulation,2024-11-14,2024-12-04,70,20
394360,Hearts of Iron IV,Strategy/Simulation,2024-12-19,2025-01-02,70,13
394360,Hearts of Iron IV,Strategy/Simulation,2025-01-20,2025-01-27,70,7
394360,Hearts of Iron IV,Strategy/Simulation,2025-03-04,2025-03-20,70,15
394360,Hearts of Iron IV,Strategy/Simulation,2025-05-03,2025-05-15,70,11
394360,Hearts of Iron IV,Strategy/Simulation,2025-06-20,2025-07-10,70,20
394360,Hearts of Iron IV,Strategy/Simulation,2025-08-04,2025-08-18,70,14
394360,Hearts of Iron IV,Strategy/Simulation,2025-09-25,2025-10-06,70,11
394360,Hearts of Iron IV,Strategy/Simulation,2025-11-20,2025-12-04,70,13
394360,Hearts of Iron IV,Strategy/Simulation,2025-12-18,2026-01-05,70,17
394360,Hearts of Iron IV,Strategy/Simulation,2026-03-09,2026-03-26,70,17
394360,Hearts of Iron IV,Strategy/Simulation,2026-04-30,2026-05-11,70,11
284160,BeamNG.drive,Strategy/Simulation,2024-06-27,2024-07-11,20,13
284160,BeamNG.drive,Strategy/Simulation,2024-07-22,2024-07-29,20,7
284160,BeamNG.drive,Strategy/Simulation,2024-09-16,2024-09-23,20,7
284160,BeamNG.drive,Strategy/Simulation,2024-11-27,2024-12-04,20,6
284160,BeamNG.drive,Strategy/Simulation,2024-12-19,2025-01-02,20,13
284160,BeamNG.drive,Strategy/Simulation,2025-03-13,2025-03-20,20,6
284160,BeamNG.drive,Strategy/Simulation,2025-06-26,2025-07-10,20,13
284160,BeamNG.drive,Strategy/Simulation,2025-07-17,2025-07-28,20,11
284160,BeamNG.drive,Strategy/Simulation,2025-09-29,2025-10-06,20,6
284160,BeamNG.drive,Strategy/Simulation,2025-12-18,2026-01-05,20,18
284160,BeamNG.drive,Strategy/Simulation,2026-02-15,2026-02-22,20,6
284160,BeamNG.drive,Strategy/Simulation,2026-03-19,2026-03-26,20,6
1966720,Lethal Company,Adventure,2024-06-27,2024-07-11,25,14
1966720,Lethal Company,Adventure,2024-10-28,2024-11-04,30,7
1966720,Lethal Company,Adventure,2025-01-13,2025-01-20,35,7
1966720,Lethal Company,Adventure,2025-06-26,2025-07-10,20,13
1966720,Lethal Company,Adventure,2025-09-29,2025-10-06,25,6
1966720,Lethal Company,Adventure,2025-10-30,2025-11-03,35,4
1966720,Lethal Company,Adventure,2025-12-18,2026-01-05,25,18
1966720,Lethal Company,Adventure,2026-03-19,2026-03-26,20,7
620,Portal 2,Adventure,2024-06-27,2024-07-11,90,13
620,Portal 2,Adventure,2024-10-10,2024-10-17,90,6
620,Portal 2,Adventure,2024-11-27,2024-12-04,80,6
620,Portal 2,Adventure,2024-12-19,2025-01-02,80,13
620,Portal 2,Adventure,2025-02-10,2025-02-17,90,7
620,Portal 2,Adventure,2025-03-13,2025-03-20,80,6
620,Portal 2,Adventure,2025-05-29,2025-06-05,80,7
620,Portal 2,Adventure,2025-06-27,2025-07-10,80,13
620,Portal 2,Adventure,2025-09-29,2025-10-06,80,6
620,Portal 2,Adventure,2025-12-18,2026-01-05,80,18
620,Portal 2,Adventure,2026-03-19,2026-03-26,80,6
221100,DayZ,Adventure,2024-05-22,2024-05-26,40,3
221100,DayZ,Adventure,2024-06-27,2024-07-11,50,13
221100,DayZ,Adventure,2024-09-12,2024-09-19,50,7
221100,DayZ,Adventure,2024-10-28,2024-11-04,50,7
221100,DayZ,Adventure,2024-11-27,2024-12-04,50,6
221100,DayZ,Adventure,2024-12-09,2024-12-16,50,6
221100,DayZ,Adventure,2024-12-19,2025-01-02,50,13
221100,DayZ,Adventure,2025-02-12,2025-02-26,50,13
221100,DayZ,Adventure,2025-03-13,2025-03-20,50,6
221100,DayZ,Adventure,2025-04-15,2025-04-25,50,10
221100,DayZ,Adventure,2025-05-26,2025-06-02,50,6
221100,DayZ,Adventure,2025-06-27,2025-07-10,50,13
221100,DayZ,Adventure,2025-07-17,2025-07-28,50,11
221100,DayZ,Adventure,2025-09-11,2025-09-25,50,14
221100,DayZ,Adventure,2025-09-29,2025-10-06,50,6
221100,DayZ,Adventure,2025-10-27,2025-11-03,50,7
221100,DayZ,Adventure,2025-12-18,2026-01-05,55,18
221100,DayZ,Adventure,2026-02-05,2026-02-19,50,13
221100,DayZ,Adventure,2026-03-19,2026-03-26,50,6
221100,DayZ,Adventure,2026-04-17,2026-04-24,55,6
367520,Hollow Knight,Adventure,2024-06-27,2024-07-11,50,14
367520,Hollow Knight,Adventure,2024-10-28,2024-11-04,50,7
367520,Hollow Knight,Adventure,2024-11-27,2024-12-04,50,6
367520,Hollow Knight,Adventure,2024-12-19,2025-01-02,50,13
367520,Hollow Knight,Adventure,2025-01-09,2025-01-16,50,7
367520,Hollow Knight,Adventure,2025-03-13,2025-03-20,50,6
367520,Hollow Knight,Adventure,2025-06-26,2025-07-10,50,13
367520,Hollow Knight,Adventure,2025-08-25,2025-09-01,50,6
367520,Hollow Knight,Adventure,2025-10-27,2025-11-03,50,7
367520,Hollow Knight,Adventure,2025-12-18,2026-01-05,50,18
367520,Hollow Knight,Adventure,2026-03-19,2026-03-26,50,6
1172620,Sea of Thieves: 2025 Edition,Adventure,2024-06-08,2024-06-16,50,8
1172620,Sea of Thieves: 2025 Edition,Adventure,2024-06-27,2024-07-11,50,13
1172620,Sea of Thieves: 2025 Edition,Adventure,2024-08-13,2024-08-19,40,5
1172620,Sea of Thieves: 2025 Edition,Adventure,2024-09-19,2024-09-30,50,11
1172620,Sea of Thieves: 2025 Edition,Adventure,2024-10-31,2024-11-04,50,4
1172620,Sea of Thieves: 2025 Edition,Adventure,2024-11-27,2024-12-04,50,6
1172620,Sea of Thieves: 2025 Edition,Adventure,2024-12-19,2025-01-02,50,13
1172620,Sea of Thieves: 2025 Edition,Adventure,2025-02-17,2025-02-22,65,4
1172620,Sea of Thieves: 2025 Edition,Adventure,2025-03-13,2025-03-20,50,6
1172620,Sea of Thieves: 2025 Edition,Adventure,2025-04-24,2025-05-08,50,14
1172620,Sea of Thieves: 2025 Edition,Adventure,2025-06-24,2025-07-10,65,15
1172620,Sea of Thieves: 2025 Edition,Adventure,2025-08-11,2025-08-18,50,6
1172620,Sea of Thieves: 2025 Edition,Adventure,2025-09-24,2025-10-06,50,12
1172620,Sea of Thieves: 2025 Edition,Adventure,2025-11-21,2025-12-02,50,11
1172620,Sea of Thieves: 2025 Edition,Adventure,2025-12-18,2026-01-05,65,17
1172620,Sea of Thieves: 2025 Edition,Adventure,2026-02-09,2026-02-16,50,7
1172620,Sea of Thieves: 2025 Edition,Adventure,2026-03-19,2026-03-26,50,7
1172620,Sea of Thieves: 2025 Edition,Adventure,2026-04-16,2026-04-30,50,13
275850,No Man's Sky,Adventure,2024-05-27,2024-06-10,50,13
275850,No Man's Sky,Adventure,2024-06-27,2024-07-11,50,13
275850,No Man's Sky,Adventure,2024-07-15,2024-07-29,60,14
275850,No Man's Sky,Adventure,2024-09-02,2024-09-16,60,13
275850,No Man's Sky,Adventure,2024-10-21,2024-11-04,60,14
275850,No Man's Sky,Adventure,2024-11-27,2024-12-18,60,20
275850,No Man's Sky,Adventure,2024-12-19,2025-01-02,60,13
275850,No Man's Sky,Adventure,2025-01-27,2025-02-10,60,14
275850,No Man's Sky,Adventure,2025-03-13,2025-03-20,60,6
275850,No Man's Sky,Adventure,2025-03-24,2025-04-07,60,14
275850,No Man's Sky,Adventure,2025-05-26,2025-06-09,60,13
275850,No Man's Sky,Adventure,2025-06-27,2025-07-10,60,13
275850,No Man's Sky,Adventure,2025-07-14,2025-07-26,60,12
275850,No Man's Sky,Adventure,2025-08-25,2025-09-08,60,13
275850,No Man's Sky,Adventure,2025-09-29,2025-10-06,60,6
275850,No Man's Sky,Adventure,2025-10-20,2025-11-03,60,13
275850,No Man's Sky,Adventure,2025-12-03,2025-12-17,60,13
275850,No Man's Sky,Adventure,2025-12-18,2026-01-05,60,17
275850,No Man's Sky,Adventure,2026-02-09,2026-02-23,60,14
275850,No Man's Sky,Adventure,2026-03-19,2026-03-26,60,6
275850,No Man's Sky,Adventure,2026-04-06,2026-04-20,60,13
814380,Sekiro: Shadows Die Twice - GOTY Edition,Action,2024-06-27,2024-07-11,50,14
814380,Sekiro: Shadows Die Twice - GOTY Edition,Action,2024-11-27,2024-12-04,50,6
814380,Sekiro: Shadows Die Twice - GOTY Edition,Action,2024-12-19,2025-01-02,50,13
814380,Sekiro: Shadows Die Twice - GOTY Edition,Action,2025-03-06,2025-03-20,50,13
814380,Sekiro: Shadows Die Twice - GOTY Edition,Action,2025-05-31,2025-06-12,50,12
814380,Sekiro: Shadows Die Twice - GOTY Edition,Action,2025-09-22,2025-10-06,50,14
814380,Sekiro: Shadows Die Twice - GOTY Edition,Action,2025-11-19,2025-12-03,50,14
814380,Sekiro: Shadows Die Twice - GOTY Edition,Action,2025-12-18,2026-01-05,50,17
814380,Sekiro: Shadows Die Twice - GOTY Edition,Action,2026-03-19,2026-03-26,50,7
990080,Hogwarts Legacy,RPG,2024-05-30,2024-06-10,50,11
990080,Hogwarts Legacy,RPG,2024-06-27,2024-07-11,60,13
990080,Hogwarts Legacy,RPG,2024-08-29,2024-09-05,70,6
990080,Hogwarts Legacy,RPG,2024-10-24,2024-11-04,70,11
990080,Hogwarts Legacy,RPG,2024-11-27,2024-12-04,70,6
990080,Hogwarts Legacy,RPG,2024-12-19,2025-01-02,75,13
990080,Hogwarts Legacy,RPG,2025-02-03,2025-02-10,70,7
990080,Hogwarts Legacy,RPG,2025-03-13,2025-03-20,75,6
990080,Hogwarts Legacy,RPG,2025-03-24,2025-04-02,75,8
990080,Hogwarts Legacy,RPG,2025-05-19,2025-05-26,75,7
990080,Hogwarts Legacy,RPG,2025-06-26,2025-07-10,75,13
990080,Hogwarts Legacy,RPG,2025-08-25,2025-09-02,80,8
990080,Hogwarts Legacy,RPG,2025-09-29,2025-10-06,80,6
990080,Hogwarts Legacy,RPG,2025-10-16,2025-10-23,85,7
990080,Hogwarts Legacy,RPG,2025-11-24,2025-12-08,85,13
990080,Hogwarts Legacy,RPG,2025-12-18,2026-01-05,90,17
990080,Hogwarts Legacy,RPG,2026-02-05,2026-02-12,85,6
990080,Hogwarts Legacy,RPG,2026-03-14,2026-03-26,85,12
264710,Subnautica,Adventure,2024-05-27,2024-06-03,50,6
264710,Subnautica,Adventure,2024-06-27,2024-07-14,67,16
264710,Subnautica,Adventure,2024-07-24,2024-07-29,50,5
264710,Subnautica,Adventure,2024-09-16,2024-09-22,50,5
264710,Subnautica,Adventure,2024-10-28,2024-11-04,50,7
264710,Subnautica,Adventure,2024-11-27,2024-12-04,67,6
264710,Subnautica,Adventure,2024-12-19,2025-01-02,50,13
264710,Subnautica,Adventure,2025-01-22,2025-01-29,67,6
264710,Subnautica,Adventure,2025-03-13,2025-03-20,50,6
264710,Subnautica,Adventure,2025-06-12,2025-07-10,33,27
264710,Subnautica,Adventure,2025-08-13,2025-08-21,75,8
264710,Subnautica,Adventure,2025-09-29,2025-10-06,67,6
264710,Subnautica,Adventure,2025-10-27,2025-11-03,50,7
264710,Subnautica,Adventure,2025-12-18,2026-01-05,75,18
264710,Subnautica,Adventure,2026-03-19,2026-03-26,67,6
264710,Subnautica,Adventure,2026-04-02,2026-04-09,75,7
264710,Subnautica,Adventure,2026-05-11,2026-05-19,75,8
1517290,Battlefield 2042,Action,2024-06-27,2024-07-11,90,14
1517290,Battlefield 2042,Action,2024-08-05,2024-08-19,85,13
1517290,Battlefield 2042,Action,2024-09-19,2024-09-26,85,7
1517290,Battlefield 2042,Action,2024-10-28,2024-11-11,92,13
1517290,Battlefield 2042,Action,2024-11-27,2024-12-04,92,6
1517290,Battlefield 2042,Action,2024-12-11,2025-01-02,92,22
1517290,Battlefield 2042,Action,2025-01-27,2025-02-10,85,14
1517290,Battlefield 2042,Action,2025-03-13,2025-03-27,92,13
1517290,Battlefield 2042,Action,2025-05-01,2025-05-15,92,13
1517290,Battlefield 2042,Action,2025-06-20,2025-07-10,95,20
1517290,Battlefield 2042,Action,2025-08-19,2025-09-02,95,14
1517290,Battlefield 2042,Action,2026-03-12,2026-03-26,95,14
1517290,Battlefield 2042,Action,2026-04-23,2026-05-07,95,13
632360,Risk of Rain 2,Casual/Lightweight,2024-05-19,2024-05-20,50,0
632360,Risk of Rain 2,Casual/Lightweight,2024-06-20,2024-07-11,67,21
632360,Risk of Rain 2,Casual/Lightweight,2024-08-27,2024-09-10,67,13
632360,Risk of Rain 2,Casual/Lightweight,2024-10-24,2024-11-07,67,14
632360,Risk of Rain 2,Casual/Lightweight,2024-11-27,2024-12-04,67,6
632360,Risk of Rain 2,Casual/Lightweight,2024-12-09,2024-12-18,67,9
632360,Risk of Rain 2,Casual/Lightweight,2024-12-19,2025-01-02,67,13
632360,Risk of Rain 2,Casual/Lightweight,2025-02-06,2025-02-20,67,13
632360,Risk of Rain 2,Casual/Lightweight,2025-03-13,2025-03-20,67,6
632360,Risk of Rain 2,Casual/Lightweight,2025-03-27,2025-04-10,67,14
632360,Risk of Rain 2,Casual/Lightweight,2025-05-12,2025-05-26,67,14
632360,Risk of Rain 2,Casual/Lightweight,2025-06-26,2025-07-21,67,24
632360,Risk of Rain 2,Casual/Lightweight,2025-08-21,2025-09-04,67,14
632360,Risk of Rain 2,Casual/Lightweight,2025-09-29,2025-10-20,67,20
632360,Risk of Rain 2,Casual/Lightweight,2025-11-20,2025-12-04,67,13
632360,Risk of Rain 2,Casual/Lightweight,2025-12-18,2026-01-05,67,17
632360,Risk of Rain 2,Casual/Lightweight,2026-02-05,2026-02-19,67,13
632360,Risk of Rain 2,Casual/Lightweight,2026-03-19,2026-03-26,67,6
632360,Risk of Rain 2,Casual/Lightweight,2026-04-09,2026-04-21,67,11
1118200,People Playground,Casual/Lightweight,2024-06-27,2024-07-11,50,14
1118200,People Playground,Casual/Lightweight,2024-12-19,2025-01-02,50,13
1118200,People Playground,Casual/Lightweight,2025-03-13,2025-03-20,25,6
1118200,People Playground,Casual/Lightweight,2025-06-28,2025-07-10,85,12
1118200,People Playground,Casual/Lightweight,2025-12-18,2026-01-05,90,17
1145360,Hades,Casual/Lightweight,2024-06-27,2024-07-11,60,14
1145360,Hades,Casual/Lightweight,2024-10-31,2024-11-07,60,7
1145360,Hades,Casual/Lightweight,2024-11-27,2024-12-04,60,6
1145360,Hades,Casual/Lightweight,2024-12-12,2024-12-18,60,5
1145360,Hades,Casual/Lightweight,2024-12-20,2025-01-02,60,13
1145360,Hades,Casual/Lightweight,2025-01-30,2025-02-06,60,7
1145360,Hades,Casual/Lightweight,2025-03-13,2025-03-20,60,6
1145360,Hades,Casual/Lightweight,2025-06-26,2025-07-10,66,13
1145360,Hades,Casual/Lightweight,2025-09-17,2025-09-25,75,7
1145360,Hades,Casual/Lightweight,2025-09-29,2025-10-06,75,6
1145360,Hades,Casual/Lightweight,2025-10-27,2025-11-03,66,7
1145360,Hades,Casual/Lightweight,2025-12-18,2026-01-05,70,17
1145360,Hades,Casual/Lightweight,2026-02-17,2026-02-24,65,7
1145360,Hades,Casual/Lightweight,2026-03-19,2026-03-26,75,7
1145360,Hades,Casual/Lightweight,2026-04-14,2026-04-28,75,14
391540,Undertale,Casual/Lightweight,2024-05-30,2024-06-06,75,6
391540,Undertale,Casual/Lightweight,2024-06-27,2024-07-11,75,13
391540,Undertale,Casual/Lightweight,2024-10-28,2024-11-11,70,13
391540,Undertale,Casual/Lightweight,2024-11-27,2024-12-04,75,6
391540,Undertale,Casual/Lightweight,2024-12-11,2025-01-02,75,22
391540,Undertale,Casual/Lightweight,2025-01-18,2025-02-01,75,14
391540,Undertale,Casual/Lightweight,2025-03-13,2025-03-20,90,6
391540,Undertale,Casual/Lightweight,2025-04-12,2025-04-26,70,13
391540,Undertale,Casual/Lightweight,2025-05-27,2025-06-10,75,14
391540,Undertale,Casual/Lightweight,2025-06-27,2025-07-24,75,27
391540,Undertale,Casual/Lightweight,2025-09-06,2025-09-20,75,14
391540,Undertale,Casual/Lightweight,2025-09-29,2025-10-06,75,6
391540,Undertale,Casual/Lightweight,2025-10-20,2025-11-03,75,13
391540,Undertale,Casual/Lightweight,2025-12-04,2026-01-05,75,32
391540,Undertale,Casual/Lightweight,2026-01-17,2026-01-31,75,14
391540,Undertale,Casual/Lightweight,2026-03-02,2026-03-16,75,13
391540,Undertale,Casual/Lightweight,2026-03-19,2026-03-26,75,6
391540,Undertale,Casual/Lightweight,2026-04-15,2026-04-29,75,13
261550,Mount & Blade II: Bannerlord,Casual/Lightweight,2024-06-20,2024-07-14,50,23
261550,Mount & Blade II: Bannerlord,Casual/Lightweight,2024-09-12,2024-09-19,40,7
261550,Mount & Blade II: Bannerlord,Casual/Lightweight,2024-11-06,2024-11-10,40,4
261550,Mount & Blade II: Bannerlord,Casual/Lightweight,2024-11-27,2024-12-04,40,6
261550,Mount & Blade II: Bannerlord,Casual/Lightweight,2024-12-12,2024-12-19,50,7
261550,Mount & Blade II: Bannerlord,Casual/Lightweight,2024-12-19,2025-01-02,50,13
261550,Mount & Blade II: Bannerlord,Casual/Lightweight,2025-03-13,2025-03-20,40,6
261550,Mount & Blade II: Bannerlord,Casual/Lightweight,2025-06-20,2025-07-10,50,20
261550,Mount & Blade II: Bannerlord,Casual/Lightweight,2025-09-22,2025-10-06,40,14
261550,Mount & Blade II: Bannerlord,Casual/Lightweight,2025-11-26,2025-12-10,50,13
261550,Mount & Blade II: Bannerlord,Casual/Lightweight,2025-12-18,2026-01-05,50,17
261550,Mount & Blade II: Bannerlord,Casual/Lightweight,2026-03-19,2026-03-26,50,6
261550,Mount & Blade II: Bannerlord,Casual/Lightweight,2026-04-20,2026-04-27,50,6
1326470,Sons Of The Forest,Casual/Lightweight,2024-05-27,2024-06-03,30,7
1326470,Sons Of The Forest,Casual/Lightweight,2024-06-27,2024-07-11,33,13
1326470,Sons Of The Forest,Casual/Lightweight,2024-10-28,2024-11-04,45,7
1326470,Sons Of The Forest,Casual/Lightweight,2024-11-27,2024-12-04,45,6
1326470,Sons Of The Forest,Casual/Lightweight,2024-12-19,2025-01-02,50,13
1326470,Sons Of The Forest,Casual/Lightweight,2025-03-13,2025-03-20,50,6
1326470,Sons Of The Forest,Casual/Lightweight,2025-04-03,2025-04-10,60,7
1326470,Sons Of The Forest,Casual/Lightweight,2025-06-26,2025-07-10,66,13
1326470,Sons Of The Forest,Casual/Lightweight,2025-09-29,2025-10-06,67,7
1326470,Sons Of The Forest,Casual/Lightweight,2025-10-27,2025-11-03,68,7
1326470,Sons Of The Forest,Casual/Lightweight,2025-12-18,2026-01-05,69,18
1326470,Sons Of The Forest,Casual/Lightweight,2026-03-19,2026-03-26,70,7
1144200,Ready or Not,Casual/Lightweight,2024-05-23,2024-05-30,40,7
1144200,Ready or Not,Casual/Lightweight,2024-06-27,2024-07-11,33,13
1144200,Ready or Not,Casual/Lightweight,2024-09-09,2024-09-16,33,7
1144200,Ready or Not,Casual/Lightweight,2024-10-22,2024-10-23,40,1
1144200,Ready or Not,Casual/Lightweight,2024-10-28,2024-11-03,40,6
1144200,Ready or Not,Casual/Lightweight,2024-11-27,2024-12-04,33,6
1144200,Ready or Not,Casual/Lightweight,2024-12-20,2025-01-02,50,13
1144200,Ready or Not,Casual/Lightweight,2025-01-13,2025-01-20,40,7
1144200,Ready or Not,Casual/Lightweight,2025-02-24,2025-03-03,40,7
1144200,Ready or Not,Casual/Lightweight,2025-03-13,2025-03-20,50,6
1144200,Ready or Not,Casual/Lightweight,2025-04-12,2025-04-19,50,6
1144200,Ready or Not,Casual/Lightweight,2025-05-19,2025-05-26,40,7
1144200,Ready or Not,Casual/Lightweight,2025-06-26,2025-07-10,50,13
1144200,Ready or Not,Casual/Lightweight,2025-08-27,2025-09-06,40,9
1144200,Ready or Not,Casual/Lightweight,2025-09-29,2025-10-06,50,6
1144200,Ready or Not,Casual/Lightweight,2025-11-21,2025-12-01,40,9
1144200,Ready or Not,Casual/Lightweight,2025-12-18,2026-01-05,40,17
1144200,Ready or Not,Casual/Lightweight,2026-02-05,2026-02-15,40,9
1144200,Ready or Not,Casual/Lightweight,2026-03-19,2026-03-26,50,6
1144200,Ready or Not,Casual/Lightweight,2026-04-17,2026-04-27,50,10
526870,Satisfactory,Casual/Lightweight,2024-06-19,2024-07-11,50,22
526870,Satisfactory,Casual/Lightweight,2024-09-10,2024-09-24,10,14
526870,Satisfactory,Casual/Lightweight,2024-11-27,2024-12-04,20,6
526870,Satisfactory,Casual/Lightweight,2024-12-13,2025-01-02,20,20
526870,Satisfactory,Casual/Lightweight,2025-03-13,2025-03-31,30,17
526870,Satisfactory,Casual/Lightweight,2025-06-05,2025-06-12,30,7
526870,Satisfactory,Casual/Lightweight,2025-06-27,2025-07-10,30,13
526870,Satisfactory,Casual/Lightweight,2025-07-14,2025-07-21,30,7
526870,Satisfactory,Casual/Lightweight,2025-08-25,2025-09-01,30,6
526870,Satisfactory,Casual/Lightweight,2025-09-29,2025-10-06,30,6
526870,Satisfactory,Casual/Lightweight,2025-10-20,2025-10-27,30,7
526870,Satisfactory,Casual/Lightweight,2025-12-01,2025-12-08,30,7
526870,Satisfactory,Casual/Lightweight,2025-12-18,2026-01-05,30,17
526870,Satisfactory,Casual/Lightweight,2026-03-05,2026-03-26,30,20
526870,Satisfactory,Casual/Lightweight,2026-04-18,2026-04-30,30,11
1468810,鬼谷八荒 Tale of Immortal,Casual/Lightweight,2024-05-27,2024-06-03,30,7
1468810,鬼谷八荒 Tale of Immortal,Casual/Lightweight,2024-06-27,2024-07-11,30,13
1468810,鬼谷八荒 Tale of Immortal,Casual/Lightweight,2024-11-06,2024-11-12,30,6
1468810,鬼谷八荒 Tale of Immortal,Casual/Lightweight,2024-12-12,2024-12-19,40,7
1468810,鬼谷八荒 Tale of Immortal,Casual/Lightweight,2024-12-20,2025-01-02,40,13
1468810,鬼谷八荒 Tale of Immortal,Casual/Lightweight,2025-01-26,2025-02-09,30,14
1468810,鬼谷八荒 Tale of Immortal,Casual/Lightweight,2025-03-13,2025-03-20,30,6
1468810,鬼谷八荒 Tale of Immortal,Casual/Lightweight,2025-05-20,2025-05-27,30,6
1468810,鬼谷八荒 Tale of Immortal,Casual/Lightweight,2025-06-26,2025-07-10,30,13
1468810,鬼谷八荒 Tale of Immortal,Casual/Lightweight,2025-07-22,2025-07-28,30,6
1468810,鬼谷八荒 Tale of Immortal,Casual/Lightweight,2025-09-23,2025-10-06,30,13
1468810,鬼谷八荒 Tale of Immortal,Casual/Lightweight,2025-12-04,2025-12-11,30,7
1468810,鬼谷八荒 Tale of Immortal,Casual/Lightweight,2025-12-18,2026-01-05,30,17
1468810,鬼谷八荒 Tale of Immortal,Casual/Lightweight,2026-01-26,2026-02-09,45,14
1468810,鬼谷八荒 Tale of Immortal,Casual/Lightweight,2026-03-19,2026-03-26,40,7
1468810,鬼谷八荒 Tale of Immortal,Casual/Lightweight,2026-04-13,2026-04-19,35,5
1332010,Stray,Adventure,2024-05-23,2024-06-03,34,11
1332010,Stray,Adventure,2024-06-27,2024-07-11,40,13
1332010,Stray,Adventure,2024-08-01,2024-08-12,40,11
1332010,Stray,Adventure,2024-10-28,2024-11-04,40,7
1332010,Stray,Adventure,2024-11-27,2024-12-04,40,6
1332010,Stray,Adventure,2024-12-05,2025-01-02,40,28
1332010,Stray,Adventure,2025-01-18,2025-01-25,40,7
1332010,Stray,Adventure,2025-02-24,2025-03-03,40,7
1332010,Stray,Adventure,2025-03-13,2025-03-20,40,6
1332010,Stray,Adventure,2025-04-12,2025-04-26,40,14
1332010,Stray,Adventure,2025-05-26,2025-06-09,40,14
1332010,Stray,Adventure,2025-06-27,2025-07-24,40,27
1332010,Stray,Adventure,2025-08-23,2025-09-06,40,13
1332010,Stray,Adventure,2025-09-29,2025-10-20,40,20
1332010,Stray,Adventure,2025-11-19,2025-12-03,40,13
1332010,Stray,Adventure,2025-12-18,2026-01-19,40,31
1332010,Stray,Adventure,2026-02-22,2026-03-07,40,13
1332010,Stray,Adventure,2026-03-19,2026-03-26,40,6
1332010,Stray,Adventure,2026-04-06,2026-04-20,40,13
1426210,It Takes Two,Adventure,2024-06-27,2024-07-11,65,13
1426210,It Takes Two,Adventure,2024-07-24,2024-07-30,65,6
1426210,It Takes Two,Adventure,2024-08-29,2024-09-12,70,14
1426210,It Takes Two,Adventure,2024-10-28,2024-11-11,65,13
1426210,It Takes Two,Adventure,2024-11-27,2024-12-04,75,6
1426210,It Takes Two,Adventure,2024-12-11,2025-01-02,80,22
1426210,It Takes Two,Adventure,2025-01-27,2025-02-10,80,14
1426210,It Takes Two,Adventure,2025-03-14,2025-03-27,70,13
1426210,It Takes Two,Adventure,2025-05-01,2025-05-15,65,13
1426210,It Takes Two,Adventure,2025-06-20,2025-07-10,75,20
1426210,It Takes Two,Adventure,2025-07-28,2025-08-11,70,13
1426210,It Takes Two,Adventure,2025-09-11,2025-09-25,75,14
1426210,It Takes Two,Adventure,2025-09-29,2025-10-06,75,6
1426210,It Takes Two,Adventure,2025-11-20,2025-12-04,75,13
1426210,It Takes Two,Adventure,2025-12-18,2026-01-12,80,24
1426210,It Takes Two,Adventure,2026-02-11,2026-02-25,80,14
1426210,It Takes Two,Adventure,2026-03-19,2026-03-26,80,7
1426210,It Takes Two,Adventure,2026-04-23,2026-05-07,65,13
870780,Control,Adventure,2024-06-13,2024-07-11,75,28
870780,Control,Adventure,2024-08-12,2024-08-19,75,6
870780,Control,Adventure,2024-09-19,2024-10-03,80,13
870780,Control,Adventure,2024-11-04,2024-11-11,80,7
870780,Control,Adventure,2024-11-27,2024-12-04,80,6
870780,Control,Adventure,2024-12-12,2025-01-02,80,21
870780,Control,Adventure,2025-03-13,2025-03-20,75,6
870780,Control,Adventure,2025-04-21,2025-04-28,70,7
870780,Control,Adventure,2025-06-02,2025-06-09,85,7
870780,Control,Adventure,2025-06-27,2025-07-10,85,13
870780,Control,Adventure,2025-07-14,2025-07-21,85,7
870780,Control,Adventure,2025-08-24,2025-08-31,90,6
870780,Control,Adventure,2025-09-29,2025-10-06,90,6
870780,Control,Adventure,2025-10-27,2025-11-03,90,7
870780,Control,Adventure,2025-12-08,2025-12-15,85,6
870780,Control,Adventure,2025-12-18,2026-01-05,85,17
870780,Control,Adventure,2026-01-20,2026-01-27,90,6
870780,Control,Adventure,2026-03-19,2026-03-26,90,7
870780,Control,Adventure,2026-04-17,2026-04-24,90,6
1057090,Ori and the Will of the Wisps,Adventure,2024-06-09,2024-06-23,67,14
1057090,Ori and the Will of the Wisps,Adventure,2024-06-27,2024-07-11,67,13
1057090,Ori and the Will of the Wisps,Adventure,2024-09-20,2024-09-27,67,6
1057090,Ori and the Will of the Wisps,Adventure,2024-11-27,2024-12-04,67,6
1057090,Ori and the Will of the Wisps,Adventure,2024-12-20,2025-01-02,67,13
1057090,Ori and the Will of the Wisps,Adventure,2025-01-20,2025-02-03,75,13
1057090,Ori and the Will of the Wisps,Adventure,2025-03-05,2025-03-13,67,8
1057090,Ori and the Will of the Wisps,Adventure,2025-03-14,2025-03-20,67,5
1057090,Ori and the Will of the Wisps,Adventure,2025-04-24,2025-05-08,67,14
1057090,Ori and the Will of the Wisps,Adventure,2025-06-07,2025-06-16,67,8
1057090,Ori and the Will of the Wisps,Adventure,2025-06-27,2025-07-10,67,13
1057090,Ori and the Will of the Wisps,Adventure,2025-09-29,2025-10-06,75,7
1057090,Ori and the Will of the Wisps,Adventure,2025-11-21,2025-12-02,75,11
1057090,Ori and the Will of the Wisps,Adventure,2025-12-18,2026-01-05,75,17
1057090,Ori and the Will of the Wisps,Adventure,2026-01-21,2026-02-02,67,12
1057090,Ori and the Will of the Wisps,Adventure,2026-03-19,2026-03-26,75,7
1057090,Ori and the Will of the Wisps,Adventure,2026-04-16,2026-04-30,75,13
294100,RimWorld,Strategy/Simulation,2024-06-27,2024-07-11,20,13
294100,RimWorld,Strategy/Simulation,2024-07-15,2024-07-29,20,14
294100,RimWorld,Strategy/Simulation,2024-10-04,2024-10-18,20,14
294100,RimWorld,Strategy/Simulation,2024-11-27,2024-12-04,20,6
294100,RimWorld,Strategy/Simulation,2024-12-19,2025-01-02,20,13
294100,RimWorld,Strategy/Simulation,2025-01-23,2025-02-06,20,14
294100,RimWorld,Strategy/Simulation,2025-03-13,2025-03-20,20,6
294100,RimWorld,Strategy/Simulation,2025-03-24,2025-04-07,20,14
294100,RimWorld,Strategy/Simulation,2025-05-14,2025-05-21,20,6
294100,RimWorld,Strategy/Simulation,2025-06-27,2025-07-24,20,27
294100,RimWorld,Strategy/Simulation,2025-09-29,2025-10-06,20,6
294100,RimWorld,Strategy/Simulation,2025-10-10,2025-10-24,20,14
294100,RimWorld,Strategy/Simulation,2025-11-24,2025-12-01,20,6
294100,RimWorld,Strategy/Simulation,2025-12-18,2026-01-05,20,17
294100,RimWorld,Strategy/Simulation,2026-02-10,2026-02-24,20,13
294100,RimWorld,Strategy/Simulation,2026-03-19,2026-03-26,20,7
294100,RimWorld,Strategy/Simulation,2026-04-17,2026-04-24,20,7
