appid,discount_start,playtime_filter,positive_count_before,negative_count_before,positive_count_during,negative_count_during,before_days,during_days,response_rate_positive,response_rate_negative,positive_rate_before,positive_rate_during,positive_rate_delta,sentiment_group
105600,2026-03-19,all,13430,559,2861,136,30,7,-0.087012,0.042678,0.96004,0.954621,-0.005419,down
252490,2026-03-19,all,11801,2106,2648,446,30,7,-0.038338,-0.092389,0.848565,0.85585,0.007285,up
2358720,2026-02-09,all,2178,196,2538,296,30,14,1.497048,2.236152,0.917439,0.895554,-0.021885,down
1245620,2026-03-19,all,5706,453,1896,184,30,7,0.424065,0.740776,0.926449,0.911538,-0.014911,down
553850,2026-03-19,all,10178,4873,2048,690,30,7,-0.137636,-0.393158,0.676234,0.747991,0.071757,up
550,2026-03-19,all,5940,172,2001,61,30,7,0.443723,0.519934,0.971859,0.970417,-0.001442,neutral
381210,2026-03-17,all,5423,1477,2459,677,30,9,0.511464,0.527872,0.785942,0.78412,-0.001822,neutral
739630,2026-01-17,all,5675,450,2300,187,30,14,-0.131529,-0.109524,0.926531,0.924809,-0.001722,neutral
739630,2026-03-19,all,4503,356,1285,107,30,9,-0.048782,0.001873,0.926734,0.923132,-0.003602,neutral
413150,2026-03-19,all,2282,35,3444,61,30,7,5.468011,6.469388,0.984894,0.982596,-0.002298,neutral
1091500,2026-02-12,all,7257,439,2553,144,30,10,0.055395,-0.015945,0.942957,0.946607,0.00365,neutral
1091500,2026-03-19,all,6787,355,2147,123,30,7,0.355743,0.484909,0.950294,0.945815,-0.004479,neutral
1086940,2026-02-26,all,6382,331,773,53,30,4,-0.091586,0.200906,0.950693,0.935835,-0.014857,down
1086940,2026-03-19,all,5649,300,1309,76,30,7,-0.006904,0.085714,0.949571,0.945126,-0.004445,neutral
218620,2025-06-05,all,985,107,413,29,30,7,0.796954,0.161549,0.902015,0.934389,0.032374,up
218620,2025-06-27,all,1494,109,658,63,30,13,0.016373,0.333804,0.932002,0.912621,-0.019381,down
218620,2025-07-13,all,1529,120,705,72,30,14,-0.011959,0.285714,0.927229,0.907336,-0.019893,down
218620,2025-09-25,all,796,308,777,1458,30,11,1.662175,11.910272,0.721014,0.347651,-0.373363,down
218620,2025-11-21,all,929,144,640,60,30,14,0.476242,-0.107143,0.865797,0.914286,0.048489,up
218620,2025-12-18,all,1062,118,2301,253,30,18,2.611111,2.573446,0.9,0.90094,0.00094,neutral
218620,2026-01-15,all,3233,335,842,78,30,14,-0.441916,-0.501066,0.90611,0.915217,0.009108,up
218620,2026-02-28,all,1286,135,631,52,30,14,0.051433,-0.174603,0.904996,0.923865,0.018869,up
218620,2026-03-19,all,1257,122,278,26,30,7,-0.052165,-0.086651,0.91153,0.914474,0.002944,neutral
892970,2025-12-18,all,5495,252,1816,218,30,18,-0.449196,0.441799,0.956151,0.892822,-0.063329,down
892970,2026-01-20,all,2994,364,1658,221,30,14,0.186659,0.30102,0.891602,0.882384,-0.009218,down
892970,2026-03-05,all,2782,429,2289,277,30,21,0.175413,-0.077589,0.866397,0.89205,0.025653,up
322330,2025-12-18,all,7694,231,1984,218,30,18,-0.570228,0.572872,0.970852,0.900999,-0.069853,down
322330,2026-02-12,all,1980,249,627,74,30,7,0.357143,0.273666,0.888291,0.894437,0.006146,up
322330,2026-03-19,all,2149,242,590,62,30,7,0.176627,0.097993,0.898787,0.904908,0.006121,up
377160,2025-12-18,all,1866,2203,1733,896,30,18,0.547874,-0.322136,0.458589,0.659186,0.200597,up
377160,2026-01-28,all,3096,1162,1329,343,30,9,0.430879,-0.016064,0.727102,0.794856,0.067755,up
377160,2026-03-19,all,2267,417,418,70,30,7,-0.20978,-0.280576,0.844635,0.856557,0.011923,up
1623730,2025-12-04,all,6322,194,4206,273,30,32,-0.376285,0.319265,0.970227,0.939049,-0.031178,down
1623730,2026-02-12,all,3095,224,1452,77,30,12,0.172859,-0.140625,0.93251,0.94964,0.01713,up
4000,2026-03-19,all,9423,283,2099,58,30,7,-0.045345,-0.121656,0.970843,0.973111,0.002268,neutral
227300,2026-02-19,all,7871,339,2798,135,30,7,0.523495,0.7067,0.958709,0.953972,-0.004737,neutral
227300,2026-03-19,all,8617,394,1987,73,30,7,-0.011754,-0.205946,0.956276,0.964563,0.008287,up
242760,2026-03-19,all,2886,145,1578,85,30,7,1.343332,1.512315,0.952161,0.948888,-0.003273,neutral
251570,2025-08-25,all,2282,2233,939,279,30,14,-0.118255,-0.732263,0.505426,0.770936,0.26551,up
251570,2025-09-29,all,1788,455,459,94,30,7,0.100192,-0.1146,0.797147,0.830018,0.032871,up
251570,2025-10-27,all,1707,359,399,66,30,7,0.001757,-0.212097,0.826234,0.858065,0.03183,up
251570,2025-12-18,all,3637,318,1458,316,30,18,-0.331867,0.656184,0.919595,0.821871,-0.097724,down
251570,2026-01-28,all,2111,398,591,119,30,10,-0.160114,-0.103015,0.841371,0.832394,-0.008977,down
251570,2026-03-19,all,1429,252,391,90,30,7,0.172648,0.530612,0.850089,0.81289,-0.037199,down
960090,2025-12-18,all,5210,107,2005,70,30,18,-0.358605,0.090343,0.979876,0.966265,-0.013611,down
960090,2026-03-09,all,2961,112,790,38,30,7,0.143436,0.454082,0.963554,0.954106,-0.009447,down
960090,2026-03-19,all,2816,122,706,22,30,7,0.074472,-0.227166,0.958475,0.96978,0.011305,up
289070,2025-08-04,all,2005,637,1015,127,30,14,0.084788,-0.572774,0.758895,0.888792,0.129897,up
289070,2025-09-18,all,1669,174,1075,117,30,18,0.073497,0.12069,0.905589,0.901846,-0.003743,neutral
289070,2025-11-03,all,1515,162,889,103,30,14,0.257426,0.362434,0.903399,0.896169,-0.00723,down
289070,2025-12-18,all,1578,149,1265,133,30,18,0.336079,0.487696,0.913723,0.904864,-0.008859,down
289070,2026-02-05,all,1483,172,864,82,30,14,0.248435,0.021595,0.896073,0.913319,0.017247,up
289070,2026-03-19,all,1612,153,664,89,30,11,0.123393,0.586453,0.913314,0.881806,-0.031508,down
648800,2025-09-29,all,1824,211,656,86,30,7,0.541353,0.746784,0.896314,0.884097,-0.012217,down
648800,2025-12-18,all,1778,206,2350,351,30,18,1.20285,1.839806,0.896169,0.870048,-0.026121,down
648800,2026-03-19,all,2294,213,841,98,30,7,0.571179,0.971831,0.915038,0.895634,-0.019404,down
284160,2026-02-15,all,6649,198,2296,62,30,7,0.479922,0.341991,0.971082,0.973707,0.002624,neutral
284160,2026-03-19,all,6807,224,1549,43,30,7,-0.024743,-0.177296,0.968141,0.97299,0.004849,neutral
1966720,2025-09-29,all,1737,114,536,52,30,7,0.322477,0.954887,0.938412,0.911565,-0.026847,down
1966720,2025-10-30,all,2097,167,311,34,30,4,0.112303,0.526946,0.926237,0.901449,-0.024787,down
1966720,2025-12-18,all,3080,125,1788,119,30,18,-0.032468,0.586667,0.960998,0.937598,-0.0234,down
1966720,2026-03-19,all,1907,134,430,36,30,7,-0.033635,0.151386,0.934346,0.922747,-0.011599,down
620,2025-12-18,all,2544,42,3056,42,30,18,1.002096,0.666667,0.983759,0.986443,0.002684,neutral
620,2026-03-19,all,2213,37,824,15,30,7,0.595765,0.737452,0.983556,0.982122,-0.001434,neutral
221100,2025-10-27,all,2707,394,657,120,30,7,0.04016,0.305294,0.872944,0.84556,-0.027384,down
221100,2025-12-18,all,2294,307,2012,307,30,18,0.461784,0.666667,0.881968,0.867615,-0.014353,down
221100,2026-02-05,all,2832,424,1374,241,30,14,0.039649,0.217992,0.869779,0.850774,-0.019005,down
221100,2026-03-19,all,2575,394,607,94,30,7,0.010264,0.02248,0.867295,0.865906,-0.00139,neutral
367520,2026-03-19,all,5493,208,1406,77,30,7,0.096981,0.586538,0.963515,0.948078,-0.015437,down
1172620,2025-06-24,all,1295,266,1273,384,30,16,0.843147,1.706767,0.829596,0.768256,-0.061341,down
1172620,2025-08-11,all,1525,333,380,104,30,7,0.067916,0.338481,0.820775,0.785124,-0.035651,down
1172620,2025-09-24,all,955,194,489,111,30,12,0.280105,0.430412,0.831158,0.815,-0.016158,down
1172620,2025-11-21,all,800,196,1247,99,30,11,3.251136,0.377551,0.803213,0.926449,0.123236,up
1172620,2025-12-18,all,1849,262,1284,256,30,18,0.157382,0.628499,0.875888,0.833766,-0.042122,down
1172620,2026-02-09,all,1223,302,250,53,30,7,-0.123934,-0.247871,0.801967,0.825083,0.023115,up
1172620,2026-03-19,all,1025,273,271,89,30,7,0.133101,0.397174,0.789676,0.752778,-0.036899,down
275850,2025-12-18,all,11437,288,2207,260,30,18,-0.678383,0.50463,0.975437,0.894609,-0.080828,down
275850,2026-02-09,all,1877,193,2208,255,30,14,1.52074,1.831236,0.906763,0.896468,-0.010296,down
275850,2026-03-19,all,2760,306,576,69,30,7,-0.10559,-0.033613,0.900196,0.893023,-0.007172,down
814380,2025-09-22,all,2497,170,1279,95,30,14,0.097603,0.197479,0.936258,0.930859,-0.005399,down
814380,2025-11-19,all,1885,111,1247,85,30,14,0.417582,0.640927,0.944389,0.936186,-0.008203,down
814380,2025-12-18,all,2375,149,1727,109,30,18,0.21193,0.219239,0.940967,0.940632,-0.000335,neutral
814380,2026-03-19,all,1488,83,547,49,30,7,0.575461,1.53012,0.947167,0.917785,-0.029382,down
990080,2025-12-18,all,8532,912,3873,598,30,18,-0.243436,0.092836,0.903431,0.866249,-0.037182,down
990080,2026-02-05,all,3178,534,687,110,30,7,-0.073541,-0.117175,0.856142,0.861982,0.00584,up
990080,2026-03-14,all,2215,349,1087,191,30,12,0.226862,0.368195,0.863885,0.850548,-0.013337,down
264710,2026-03-19,all,2832,52,1016,21,30,7,0.53753,0.730769,0.981969,0.979749,-0.00222,neutral
1517290,2026-03-12,all,295,173,599,407,30,14,3.35109,4.041288,0.630342,0.595427,-0.034914,down
632360,2025-12-18,all,11291,465,2295,168,30,18,-0.661235,-0.397849,0.960446,0.93179,-0.028655,down
632360,2026-02-05,all,2084,169,1220,99,30,14,0.254456,0.255283,0.924989,0.924943,-4.6e-05,neutral
632360,2026-03-19,all,1751,131,508,50,30,7,0.243371,0.635769,0.930393,0.910394,-0.019999,down
1118200,2025-12-18,all,2545,49,4125,101,30,18,1.701375,2.435374,0.98111,0.9761,-0.00501,down
1145360,2025-09-17,all,1052,34,1206,59,30,8,3.298954,5.507353,0.968692,0.95336,-0.015333,down
1145360,2025-09-29,all,2614,118,1297,76,30,7,1.126462,1.760291,0.956808,0.944647,-0.012161,down
1145360,2025-10-27,all,4101,213,631,30,30,7,-0.340579,-0.396378,0.950626,0.954614,0.003988,neutral
1145360,2025-12-18,all,1894,60,2000,103,30,18,0.759944,1.861111,0.969294,0.951022,-0.018271,down
1145360,2026-02-17,all,1512,88,441,29,30,7,0.25,0.412338,0.945,0.938298,-0.006702,down
1145360,2026-03-19,all,1568,83,518,21,30,7,0.415816,0.084337,0.949727,0.961039,0.011312,up
391540,2025-12-04,all,3078,124,4230,154,30,32,0.288377,0.164315,0.961274,0.964872,0.003598,neutral
391540,2026-01-17,all,4188,143,1790,63,30,14,-0.084118,-0.055944,0.966982,0.966001,-0.000981,neutral
391540,2026-03-02,all,3172,120,1651,64,30,14,0.11534,0.142857,0.963548,0.962682,-0.000866,neutral
391540,2026-03-19,all,3305,136,790,22,30,7,0.024422,-0.306723,0.960477,0.972906,0.01243,up
261550,2025-09-22,all,1505,188,1139,142,30,14,0.621737,0.618541,0.888955,0.889149,0.000195,neutral
261550,2025-11-26,all,1679,222,2730,724,30,14,2.484217,5.988417,0.883219,0.790388,-0.092831,down
261550,2025-12-18,all,4031,1004,1717,367,30,18,-0.290085,-0.39077,0.800596,0.823896,0.023301,up
261550,2026-03-19,all,1583,277,459,89,30,7,0.242668,0.376998,0.851075,0.837591,-0.013484,down
1326470,2026-03-19,all,2646,212,1522,160,30,7,1.465177,2.234501,0.925822,0.904875,-0.020947,down
1144200,2026-02-05,all,2873,459,1079,174,30,10,0.126697,0.137255,0.862245,0.861133,-0.001112,neutral
1144200,2026-03-19,all,3591,616,2139,366,30,7,1.552811,1.546382,0.853577,0.853892,0.000315,neutral
526870,2025-12-01,all,5164,94,834,26,30,7,-0.307846,0.18541,0.982122,0.969767,-0.012355,down
526870,2025-12-18,all,5248,95,2375,71,30,18,-0.245744,0.245614,0.98222,0.970973,-0.011247,down
526870,2026-03-05,all,2594,92,2732,78,30,21,0.504571,0.21118,0.965748,0.972242,0.006494,up
1468810,2024-05-27,all,237,108,58,24,30,7,0.048825,-0.047619,0.686957,0.707317,0.020361,up
1468810,2024-06-27,all,288,122,195,61,30,14,0.450893,0.071429,0.702439,0.761719,0.05928,up
1468810,2024-11-06,all,262,69,66,28,30,6,0.259542,1.028986,0.791541,0.702128,-0.089413,down
1468810,2024-12-12,all,338,206,83,59,30,7,0.052409,0.227462,0.621324,0.584507,-0.036816,down
1468810,2024-12-20,all,308,261,361,218,30,13,1.704795,0.927498,0.541301,0.623489,0.082188,up
1468810,2025-01-26,all,692,370,222,167,30,14,-0.312552,-0.032819,0.651601,0.570694,-0.080907,down
1468810,2025-03-13,all,336,138,71,37,30,7,-0.094388,0.149068,0.708861,0.657407,-0.051453,down
1468810,2025-05-20,all,218,71,60,20,30,7,0.179554,0.207243,0.754325,0.75,-0.004325,neutral
1468810,2025-06-26,all,258,89,131,37,30,14,0.08804,-0.109149,0.743516,0.779762,0.036246,up
1468810,2025-07-22,all,273,90,58,31,30,6,0.062271,0.722222,0.752066,0.651685,-0.100381,down
1468810,2025-09-23,all,214,62,104,29,30,13,0.121495,0.079404,0.775362,0.781955,0.006593,up
1468810,2025-12-04,all,354,61,53,11,30,7,-0.358354,-0.227166,0.853012,0.828125,-0.024887,down
1468810,2025-12-18,all,360,72,146,50,30,18,-0.324074,0.157407,0.833333,0.744898,-0.088435,down
1468810,2026-01-26,all,249,69,248,73,30,14,1.134251,1.267081,0.783019,0.772586,-0.010433,down
1468810,2026-03-19,all,271,84,67,14,30,7,0.059568,-0.285714,0.76338,0.82716,0.06378,up
1332010,2024-05-23,all,1130,30,615,24,30,11,0.484312,1.181818,0.974138,0.962441,-0.011697,down
1332010,2024-06-27,all,1436,48,1184,42,30,14,0.766813,0.875,0.967655,0.965742,-0.001913,neutral
1332010,2024-08-01,all,1940,62,851,31,30,11,0.196345,0.363636,0.969031,0.964853,-0.004178,neutral
1332010,2024-10-28,all,795,29,363,12,30,7,0.956873,0.773399,0.964806,0.968,0.003194,neutral
1332010,2024-11-27,all,1255,38,438,8,30,7,0.495731,-0.097744,0.970611,0.982063,0.011452,up
1332010,2024-12-05,all,1345,33,2133,75,30,28,0.69915,1.435065,0.976052,0.966033,-0.01002,down
1332010,2025-01-18,all,2321,75,459,16,30,7,-0.152459,-0.085714,0.968698,0.966316,-0.002382,neutral
1332010,2025-02-24,all,1296,41,491,19,30,7,0.623677,0.986063,0.969334,0.962745,-0.006589,down
1332010,2025-03-13,all,1453,44,394,16,30,7,0.162128,0.558442,0.970608,0.960976,-0.009632,down
1332010,2025-04-12,all,1323,44,777,25,30,14,0.258503,0.217532,0.967813,0.968828,0.001015,neutral
1332010,2025-05-26,all,1059,40,756,20,30,14,0.529745,0.071429,0.963603,0.974227,0.010624,up
1332010,2025-06-27,all,1468,42,1691,53,30,27,0.279897,0.402116,0.972185,0.96961,-0.002575,neutral
1332010,2025-08-23,all,1135,46,741,27,30,14,0.398993,0.257764,0.96105,0.964844,0.003794,neutral
1332010,2025-09-29,all,1281,44,1068,48,30,21,0.191034,0.558442,0.966792,0.956989,-0.009803,down
1332010,2025-11-19,all,1036,30,744,26,30,14,0.538886,0.857143,0.971857,0.966234,-0.005624,down
1332010,2025-12-18,all,1388,50,2301,61,30,32,0.55417,0.14375,0.965229,0.974174,0.008945,up
1332010,2026-02-22,all,1069,46,650,27,30,13,0.403181,0.354515,0.958744,0.960118,0.001374,neutral
1332010,2026-03-19,all,1345,47,371,8,30,7,0.182156,-0.270517,0.966236,0.978892,0.012656,up
1332010,2026-04-06,all,1429,39,673,24,30,14,0.009197,0.318681,0.973433,0.965567,-0.007867,down
1426210,2025-05-01,all,2261,80,1585,66,30,14,0.50218,0.767857,0.965827,0.960024,-0.005802,down
1426210,2025-06-20,all,2425,103,3361,157,30,20,1.078969,1.286408,0.959256,0.955372,-0.003884,neutral
1426210,2025-07-28,all,4584,208,1783,75,30,14,-0.166511,-0.227335,0.956594,0.959634,0.00304,neutral
1426210,2025-09-11,all,2582,127,1357,66,30,14,0.126203,0.113611,0.953119,0.953619,0.0005,neutral
1426210,2025-09-29,all,2675,132,1097,31,30,7,0.757543,0.006494,0.952975,0.972518,0.019543,up
1426210,2025-11-20,all,2121,71,1889,75,30,14,0.908466,1.263581,0.967609,0.961813,-0.005797,down
1426210,2025-12-18,all,3412,142,5406,231,30,25,0.90129,0.952113,0.960045,0.959021,-0.001024,neutral
1426210,2026-02-11,all,3986,191,2630,107,30,14,0.413877,0.200449,0.954273,0.960906,0.006633,up
1426210,2026-03-19,all,4615,196,1109,41,30,7,0.029872,-0.103499,0.95926,0.964348,0.005088,up
1426210,2026-04-23,all,3267,147,1175,61,30,14,-0.229306,-0.110787,0.956942,0.950647,-0.006295,down
870780,2024-06-13,all,412,97,511,97,30,28,0.328883,0.071429,0.80943,0.840461,0.03103,up
870780,2024-08-12,all,385,56,109,17,30,7,0.213358,0.30102,0.873016,0.865079,-0.007937,down
870780,2024-09-19,all,357,62,270,45,30,14,0.620648,0.5553,0.852029,0.857143,0.005114,up
870780,2024-11-04,all,512,67,127,17,30,7,0.063058,0.08742,0.884283,0.881944,-0.002339,neutral
870780,2024-11-27,all,515,74,169,13,30,7,0.40638,-0.247104,0.874363,0.928571,0.054208,up
870780,2024-12-12,all,544,72,396,63,30,21,0.039916,0.25,0.883117,0.862745,-0.020372,down
870780,2025-03-13,all,328,54,125,29,30,7,0.633275,1.301587,0.858639,0.811688,-0.04695,down
870780,2025-04-21,all,331,71,80,19,30,7,0.035822,0.146881,0.823383,0.808081,-0.015302,down
870780,2025-06-02,all,295,74,162,49,30,7,1.353511,1.837838,0.799458,0.767773,-0.031685,down
870780,2025-06-27,all,550,147,245,64,30,13,0.027972,0.00471,0.789096,0.79288,0.003784,neutral
870780,2025-07-14,all,556,129,142,30,30,7,0.094553,-0.003322,0.811679,0.825581,0.013903,up
870780,2025-08-24,all,416,92,276,102,30,7,1.843407,3.751553,0.818898,0.730159,-0.088739,down
870780,2025-09-29,all,778,239,210,84,30,7,0.156812,0.506276,0.764995,0.714286,-0.050709,down
870780,2025-10-27,all,819,232,160,40,30,7,-0.162742,-0.261084,0.779258,0.8,0.020742,up
870780,2025-12-08,all,622,138,171,35,30,7,0.178227,0.086957,0.818421,0.830097,0.011676,up
870780,2025-12-18,all,673,151,647,137,30,18,0.602278,0.512141,0.816748,0.825255,0.008508,up
870780,2026-01-20,all,974,211,260,48,30,7,0.144031,-0.025051,0.821941,0.844156,0.022215,up
870780,2026-03-19,all,627,126,169,55,30,7,0.155161,0.870748,0.832669,0.754464,-0.078205,down
870780,2026-04-17,all,603,141,151,35,30,7,0.073205,0.06383,0.810484,0.811828,0.001344,neutral
1057090,2024-06-09,all,726,26,622,32,30,14,0.835891,1.637363,0.965426,0.95107,-0.014355,down
1057090,2024-06-27,all,1076,44,668,25,30,14,0.330324,0.217532,0.960714,0.963925,0.003211,neutral
1057090,2024-09-20,all,616,27,226,7,30,7,0.572356,0.111111,0.958009,0.969957,0.011948,up
1057090,2024-11-27,all,476,26,254,12,30,7,1.286915,0.978022,0.948207,0.954887,0.00668,up
1057090,2024-12-20,all,780,43,500,21,30,13,0.47929,0.127013,0.947752,0.959693,0.011941,up
1057090,2025-01-20,all,960,46,507,25,30,14,0.131696,0.164596,0.954274,0.953008,-0.001267,neutral
1057090,2025-03-05,all,772,55,247,16,30,8,0.199806,0.090909,0.933495,0.939163,0.005669,up
1057090,2025-03-14,all,741,63,272,11,30,6,0.835358,-0.126984,0.921642,0.961131,0.039489,up
1057090,2025-04-24,all,625,33,435,18,30,14,0.491429,0.168831,0.949848,0.960265,0.010417,up
1057090,2025-06-07,all,679,48,246,19,30,9,0.207658,0.319444,0.933975,0.928302,-0.005673,down
1057090,2025-06-27,all,725,45,369,21,30,13,0.174536,0.076923,0.941558,0.946154,0.004595,neutral
1057090,2025-09-29,all,682,34,294,16,30,7,0.847507,1.016807,0.952514,0.948387,-0.004127,neutral
1057090,2025-11-21,all,494,20,410,24,30,11,1.263526,2.272727,0.961089,0.9447,-0.016389,down
1057090,2025-12-18,all,932,54,545,35,30,18,-0.025393,0.080247,0.945233,0.939655,-0.005578,down
1057090,2026-01-21,all,805,36,265,16,30,12,-0.177019,0.111111,0.957194,0.94306,-0.014133,down
1057090,2026-03-19,all,471,20,164,12,30,7,0.492266,1.571429,0.959267,0.931818,-0.027449,down
1057090,2026-04-16,all,577,32,314,13,30,14,0.16613,-0.129464,0.947455,0.960245,0.01279,up
294100,2024-10-04,all,1453,46,848,23,30,14,0.250614,0.071429,0.969313,0.973594,0.004281,neutral
294100,2024-11-27,all,1425,31,2299,22,30,7,5.914286,2.041475,0.978709,0.990521,0.011813,up
294100,2024-12-19,all,3538,42,953,34,30,14,-0.422797,0.734694,0.988268,0.965552,-0.022716,down
294100,2025-01-23,all,1976,76,1036,32,30,14,0.123482,-0.097744,0.962963,0.970037,0.007074,up
294100,2025-03-13,all,1777,35,493,21,30,7,0.189002,1.571429,0.980684,0.959144,-0.02154,down
294100,2025-03-24,all,1858,43,1029,33,30,14,0.18676,0.644518,0.97738,0.968927,-0.008454,down
294100,2025-05-14,all,1624,41,453,16,30,7,0.195461,0.672474,0.975375,0.965885,-0.009491,down
294100,2025-06-27,all,2256,64,4051,153,30,27,0.995173,1.65625,0.972414,0.963606,-0.008808,down
294100,2025-09-29,all,1779,69,459,16,30,7,0.105758,-0.006211,0.962662,0.966316,0.003653,neutral
294100,2025-10-10,all,1831,65,886,25,30,14,0.036904,-0.175824,0.965717,0.972558,0.00684,up
294100,2025-11-24,all,1713,55,3152,15,30,7,6.885914,0.168831,0.968891,0.995264,0.026372,up
294100,2025-12-18,all,4615,52,1466,52,30,18,-0.470567,0.666667,0.988858,0.965744,-0.023114,down
294100,2026-02-10,all,1979,51,1034,34,30,14,0.119613,0.428571,0.974877,0.968165,-0.006712,down
294100,2026-03-19,all,2113,53,476,17,30,7,-0.034548,0.374663,0.975531,0.965517,-0.010014,down
294100,2026-04-17,all,2049,76,431,13,30,7,-0.098515,-0.266917,0.964235,0.970721,0.006485,up
582010,2024-12-19,all,5000,371,1888,139,30,14,-0.190857,-0.197151,0.930925,0.931426,0.0005,neutral
582010,2025-01-27,all,3406,260,1974,167,30,14,0.241926,0.376374,0.929078,0.921999,-0.007079,down
582010,2025-04-23,all,2168,212,1325,138,30,13,0.410375,0.502177,0.910924,0.905673,-0.005251,down
582010,2025-06-05,all,2045,244,1417,181,30,15,0.385819,0.483607,0.893403,0.886733,-0.00667,down
582010,2025-06-27,all,2497,306,1211,125,30,13,0.119189,-0.057315,0.890831,0.906437,0.015606,up
582010,2025-08-11,all,1774,205,908,122,30,13,0.181164,0.373358,0.896412,0.881553,-0.014859,down
582010,2025-09-23,all,1609,153,753,229,30,13,0.079983,2.453997,0.913167,0.766802,-0.146364,down
582010,2025-10-29,all,1622,340,811,89,30,13,0.153846,-0.395928,0.826707,0.901111,0.074404,up
582010,2025-12-11,all,1700,169,1888,205,30,25,0.332706,0.455621,0.909577,0.902054,-0.007523,down
582010,2026-02-12,all,1315,183,867,97,30,14,0.412819,0.135831,0.877837,0.899378,0.02154,up
582010,2026-04-01,all,1408,165,1420,197,30,14,1.16112,1.558442,0.895105,0.878169,-0.016935,down
435150,2024-06-27,all,779,49,521,40,30,14,0.433156,0.749271,0.940821,0.928699,-0.012123,down
435150,2024-09-05,all,823,57,170,19,30,4,0.54921,1.5,0.935227,0.899471,-0.035756,down
435150,2024-11-27,all,626,35,298,23,30,7,1.040164,1.816327,0.94705,0.928349,-0.018701,down
435150,2024-12-19,all,1132,130,702,43,30,14,0.328874,-0.291209,0.896989,0.942282,0.045293,up
435150,2025-02-10,all,926,64,229,22,30,7,0.059858,0.473214,0.935354,0.912351,-0.023003,down
435150,2025-03-13,all,962,70,225,19,30,7,0.002376,0.163265,0.932171,0.922131,-0.010039,down
435150,2025-06-02,all,656,50,224,18,30,7,0.463415,0.542857,0.929178,0.92562,-0.003559,neutral
435150,2025-06-27,all,849,64,469,31,30,13,0.274803,0.117788,0.929901,0.938,0.008099,up
435150,2025-09-29,all,564,32,179,16,30,7,0.360182,1.142857,0.946309,0.917949,-0.02836,down
435150,2025-12-18,all,1026,69,1866,141,30,18,2.031189,2.405797,0.936986,0.929746,-0.00724,down
435150,2026-02-02,all,2058,151,529,42,30,7,0.101624,0.192053,0.931643,0.926445,-0.005198,down
435150,2026-03-19,all,1117,89,235,16,30,7,-0.09835,-0.229535,0.926202,0.936255,0.010053,up
435150,2026-04-13,all,957,74,206,21,30,7,-0.077474,0.216216,0.928225,0.907489,-0.020736,down
1794680,2024-06-27,all,1235,32,762,22,30,14,0.322152,0.473214,0.974743,0.971939,-0.002805,neutral
1794680,2024-08-08,all,1416,58,354,14,30,7,0.071429,0.034483,0.960651,0.961957,0.001305,neutral
1794680,2024-10-21,all,1018,31,1474,42,30,14,2.102722,1.903226,0.970448,0.972296,0.001847,neutral
1794680,2024-11-27,all,2668,64,3765,19,30,7,5.047869,0.272321,0.976574,0.994979,0.018405,up
1794680,2024-12-20,all,5052,56,938,25,30,13,-0.571533,0.03022,0.989037,0.974039,-0.014997,down
1794680,2025-02-10,all,1206,38,291,8,30,7,0.034115,-0.097744,0.969453,0.973244,0.003791,neutral
1794680,2025-03-13,all,1153,30,340,15,30,7,0.263784,1.142857,0.974641,0.957746,-0.016894,down
1794680,2025-04-08,all,1236,40,508,22,30,7,0.761442,1.357143,0.968652,0.958491,-0.010161,down
1794680,2025-05-26,all,928,28,309,11,30,7,0.427032,0.683673,0.970711,0.965625,-0.005086,down
1794680,2025-06-27,all,1077,39,528,15,30,13,0.131348,-0.112426,0.965054,0.972376,0.007322,up
1794680,2025-07-16,all,1085,39,176,10,30,5,-0.026728,0.538462,0.965302,0.946237,-0.019066,down
1794680,2025-09-29,all,845,35,321,17,30,7,0.628064,1.081633,0.960227,0.949704,-0.010523,down
1794680,2025-10-21,all,1189,49,1267,77,30,14,1.283431,2.367347,0.96042,0.942708,-0.017712,down
1794680,2025-12-18,all,1623,42,855,37,30,18,-0.121996,0.468254,0.974775,0.95852,-0.016255,down
1794680,2026-02-09,all,949,64,525,24,30,14,0.185458,-0.196429,0.936821,0.956284,0.019463,up
1794680,2026-03-19,all,944,43,203,10,30,7,-0.07839,-0.003322,0.956434,0.953052,-0.003382,neutral
1794680,2026-04-20,all,819,34,342,21,30,7,0.789639,1.647059,0.960141,0.942149,-0.017992,down
255710,2024-05-19,all,1370,118,230,17,30,4,0.259124,0.080508,0.920699,0.931174,0.010475,up
255710,2024-06-27,all,1266,107,917,62,30,14,0.552133,0.241656,0.922068,0.93667,0.014602,up
255710,2024-10-24,all,933,70,902,70,30,14,1.071658,1.142857,0.930209,0.927984,-0.002226,neutral
255710,2024-11-27,all,1584,107,1147,86,30,7,2.103355,2.444593,0.936724,0.930251,-0.006472,down
255710,2024-12-19,all,2875,217,1059,82,30,14,-0.210683,-0.190257,0.929819,0.928133,-0.001686,neutral
255710,2025-03-13,all,1109,709,2251,357,30,18,2.382928,-0.16079,0.610011,0.863113,0.253102,up
255710,2025-05-08,all,1356,127,321,33,30,7,0.014539,0.113611,0.914363,0.90678,-0.007583,down
255710,2025-06-26,all,1073,101,766,66,30,14,0.529756,0.400283,0.913969,0.920673,0.006704,up
255710,2025-09-29,all,921,101,284,28,30,7,0.321545,0.188119,0.901174,0.910256,0.009082,up
255710,2025-12-18,all,881,71,821,63,30,18,0.553159,0.478873,0.92542,0.928733,0.003313,neutral
255710,2026-03-05,all,955,145,1094,164,30,7,3.909499,3.847291,0.868182,0.869634,0.001453,neutral
255710,2026-03-19,all,2355,363,473,43,30,7,-0.139217,-0.492326,0.866446,0.916667,0.050221,up
255710,2026-04-30,all,1086,112,304,32,30,7,0.199684,0.22449,0.906511,0.904762,-0.001749,neutral
105600,2026-03-19,2h,13278,495,2787,113,30,7,-0.100445,-0.021645,0.96406,0.961034,-0.003026,neutral
252490,2026-03-19,2h,11674,2018,2574,407,30,7,-0.055043,-0.135636,0.852615,0.863469,0.010854,up
2358720,2026-02-09,2h,2165,189,2488,259,30,14,1.462554,1.936508,0.919711,0.905715,-0.013996,down
1245620,2026-03-19,2h,5671,430,1858,141,30,7,0.404136,0.405316,0.92952,0.929465,-5.5e-05,neutral
553850,2026-03-19,2h,10123,4793,2027,641,30,7,-0.141841,-0.426843,0.678667,0.759745,0.081078,up
550,2026-03-19,2h,5782,154,1913,53,30,7,0.417947,0.474954,0.974057,0.973042,-0.001015,neutral
381210,2026-03-17,2h,5359,1437,2397,644,30,9,0.49095,0.493853,0.788552,0.788228,-0.000325,neutral
739630,2026-01-17,2h,5524,375,2252,160,30,14,-0.126409,-0.085714,0.93643,0.933665,-0.002765,neutral
739630,2026-03-19,2h,4434,322,1255,79,30,9,-0.056533,-0.182195,0.932296,0.94078,0.008484,up
413150,2026-03-19,2h,2264,29,3369,39,30,7,5.377461,4.763547,0.987353,0.988556,0.001204,neutral
1091500,2026-02-12,2h,7214,426,2533,123,30,10,0.053368,-0.133803,0.944241,0.95369,0.009449,up
1091500,2026-03-19,2h,6743,337,2108,105,30,7,0.339802,0.335312,0.952401,0.952553,0.000152,neutral
1086940,2026-02-26,2h,6369,312,766,45,30,4,-0.097975,0.081731,0.9533,0.944513,-0.008787,down
1086940,2026-03-19,2h,5626,285,1301,67,30,7,-0.008938,0.007519,0.951785,0.951023,-0.000761,neutral
218620,2025-06-05,2h,943,89,380,24,30,7,0.727011,0.155698,0.91376,0.940594,0.026834,up
218620,2025-06-27,2h,1415,94,621,51,30,13,0.012775,0.252046,0.937707,0.924107,-0.0136,down
218620,2025-07-13,2h,1461,101,658,59,30,14,-0.034908,0.251768,0.935339,0.917713,-0.017627,down
218620,2025-09-25,2h,760,295,711,1366,30,11,1.551435,11.628659,0.720379,0.342321,-0.378058,down
218620,2025-11-21,2h,874,123,597,39,30,14,0.463714,-0.320557,0.87663,0.938679,0.062049,up
218620,2025-12-18,2h,1003,86,2094,159,30,18,2.479561,2.081395,0.921028,0.929427,0.008399,up
218620,2026-01-15,2h,2970,215,799,55,30,14,-0.423521,-0.451827,0.932496,0.935597,0.003101,neutral
218620,2026-02-28,2h,1227,107,592,42,30,14,0.033881,-0.158879,0.91979,0.933754,0.013964,up
218620,2026-03-19,2h,1191,93,260,20,30,7,-0.064412,-0.078341,0.92757,0.928571,0.001001,neutral
892970,2025-12-18,2h,5432,242,1792,198,30,18,-0.450172,0.363636,0.957349,0.900503,-0.056847,down
892970,2026-01-20,2h,2960,337,1636,199,30,14,0.184363,0.265367,0.897786,0.891553,-0.006233,down
892970,2026-03-05,2h,2764,406,2248,247,30,21,0.161877,-0.130894,0.871924,0.901002,0.029078,up
322330,2025-12-18,2h,7272,212,1920,176,30,18,-0.559956,0.383648,0.971673,0.916031,-0.055642,down
322330,2026-02-12,2h,1913,226,600,55,30,7,0.344186,0.042984,0.894343,0.916031,0.021687,up
322330,2026-03-19,2h,2085,213,568,49,30,7,0.167523,-0.014085,0.907311,0.920583,0.013273,up
377160,2025-12-18,2h,1828,2132,1704,819,30,18,0.553611,-0.359756,0.461616,0.675386,0.21377,up
377160,2026-01-28,2h,3050,1078,1290,290,30,9,0.409836,-0.103278,0.738857,0.816456,0.077599,up
377160,2026-03-19,2h,2246,382,415,58,30,7,-0.208116,-0.349289,0.854642,0.877378,0.022736,up
1623730,2025-12-04,2h,6246,181,4166,234,30,32,-0.3747,0.212017,0.971838,0.946818,-0.025019,down
1623730,2026-02-12,2h,3081,205,1439,63,30,12,0.16764,-0.231707,0.937614,0.958056,0.020442,up
4000,2026-03-19,2h,9139,239,2034,42,30,7,-0.04616,-0.246862,0.974515,0.979769,0.005254,up
227300,2026-02-19,2h,7787,326,2699,124,30,7,0.485443,0.630149,0.959818,0.956075,-0.003742,neutral
227300,2026-03-19,2h,8426,369,1951,65,30,7,-0.007663,-0.245064,0.958044,0.967758,0.009714,up
242760,2026-03-19,2h,2807,127,1493,65,30,7,1.279505,1.193476,0.956714,0.95828,0.001565,neutral
251570,2025-08-25,2h,2266,2188,923,259,30,14,-0.127159,-0.746344,0.508756,0.78088,0.272124,up
251570,2025-09-29,2h,1759,432,453,88,30,7,0.103712,-0.126984,0.80283,0.837338,0.034509,up
251570,2025-10-27,2h,1683,337,394,56,30,7,0.00331,-0.287834,0.833168,0.875556,0.042387,up
251570,2025-12-18,2h,3582,305,1432,290,30,18,-0.333706,0.584699,0.921533,0.831591,-0.089942,down
251570,2026-01-28,2h,2081,372,581,108,30,10,-0.162422,-0.129032,0.848349,0.843251,-0.005098,down
251570,2026-03-19,2h,1416,239,383,80,30,7,0.159201,0.434549,0.855589,0.827214,-0.028375,down
960090,2025-12-18,2h,5099,88,1973,59,30,18,-0.355102,0.117424,0.983035,0.970965,-0.01207,down
960090,2026-03-09,2h,2940,104,775,27,30,7,0.129738,0.112637,0.965834,0.966334,0.0005,neutral
960090,2026-03-19,2h,2782,105,695,20,30,7,0.070658,-0.183673,0.96363,0.972028,0.008398,up
289070,2025-08-04,2h,1983,603,1001,114,30,14,0.081694,-0.594883,0.766821,0.897758,0.130937,up
289070,2025-09-18,2h,1659,164,1062,101,30,18,0.066908,0.026423,0.910038,0.913156,0.003117,neutral
289070,2025-11-03,2h,1503,152,877,85,30,14,0.250356,0.198308,0.908157,0.911642,0.003485,neutral
289070,2025-12-18,2h,1562,138,1252,120,30,18,0.335894,0.449275,0.918824,0.912536,-0.006287,down
289070,2026-02-05,2h,1474,161,858,72,30,14,0.247335,-0.041704,0.901529,0.922581,0.021052,up
289070,2026-03-19,2h,1600,140,658,79,30,11,0.121591,0.538961,0.91954,0.892809,-0.026732,down
648800,2025-09-29,2h,1788,186,629,60,30,7,0.50767,0.382488,0.905775,0.912917,0.007142,up
648800,2025-12-18,2h,1736,182,2262,277,30,18,1.171659,1.53663,0.905109,0.890902,-0.014208,down
648800,2026-03-19,2h,2249,188,816,84,30,7,0.554977,0.914894,0.922856,0.906667,-0.016189,down
284160,2026-02-15,2h,6532,155,2251,50,30,7,0.476905,0.382488,0.976821,0.97827,0.00145,neutral
284160,2026-03-19,2h,6673,179,1503,33,30,7,-0.034703,-0.209896,0.973876,0.978516,0.004639,neutral
1966720,2025-09-29,2h,1665,91,515,39,30,7,0.325611,0.836735,0.948178,0.929603,-0.018575,down
1966720,2025-10-30,2h,2043,135,290,27,30,4,0.064611,0.5,0.938017,0.914826,-0.02319,down
1966720,2025-12-18,2h,2979,100,1727,89,30,18,-0.033792,0.483333,0.967522,0.950991,-0.016531,down
1966720,2026-03-19,2h,1851,113,417,29,30,7,-0.034499,0.099874,0.942464,0.934978,-0.007487,down
620,2025-12-18,2h,2468,35,2950,32,30,18,0.992166,0.52381,0.986017,0.989269,0.003252,neutral
620,2026-03-19,2h,2152,33,782,12,30,7,0.557355,0.558442,0.984897,0.984887,-1e-05,neutral
221100,2025-10-27,2h,2679,362,646,102,30,7,0.033435,0.207577,0.88096,0.863636,-0.017324,down
221100,2025-12-18,2h,2274,293,1972,250,30,18,0.445324,0.422071,0.885859,0.887489,0.00163,neutral
221100,2026-02-05,2h,2809,410,1351,196,30,14,0.030616,0.02439,0.872631,0.873303,0.000672,neutral
221100,2026-03-19,2h,2551,359,590,82,30,7,-0.008792,-0.02109,0.876632,0.877976,0.001344,neutral
367520,2026-03-19,2h,5423,188,1363,71,30,7,0.077158,0.618541,0.966494,0.950488,-0.016006,down
1172620,2025-06-24,2h,1289,261,1221,339,30,16,0.776086,1.435345,0.831613,0.782692,-0.048921,down
1172620,2025-08-11,2h,1510,321,376,91,30,7,0.067171,0.214953,0.824686,0.805139,-0.019547,down
1172620,2025-09-24,2h,940,185,477,98,30,12,0.268617,0.324324,0.835556,0.829565,-0.00599,down
1172620,2025-11-21,2h,789,184,1223,85,30,11,3.227446,0.259881,0.810894,0.935015,0.124121,up
1172620,2025-12-18,2h,1813,238,1260,211,30,18,0.158301,0.477591,0.883959,0.85656,-0.027399,down
1172620,2026-02-09,2h,1209,290,246,42,30,7,-0.127969,-0.37931,0.806538,0.854167,0.047629,up
1172620,2026-03-19,2h,1020,256,270,80,30,7,0.134454,0.339286,0.799373,0.771429,-0.027944,down
275850,2025-12-18,2h,11166,236,2141,207,30,18,-0.680429,0.461864,0.979302,0.91184,-0.067462,down
275850,2026-02-09,2h,1850,176,2166,215,30,14,1.50888,1.617695,0.913129,0.909702,-0.003428,neutral
275850,2026-03-19,2h,2729,275,558,47,30,7,-0.123698,-0.267532,0.908455,0.922314,0.013859,up
814380,2025-09-22,2h,2468,153,1253,71,30,14,0.087925,-0.005602,0.941625,0.946375,0.004749,neutral
814380,2025-11-19,2h,1859,99,1226,71,30,14,0.413202,0.536797,0.949438,0.945258,-0.00418,neutral
814380,2025-12-18,2h,2348,133,1702,93,30,18,0.20812,0.165414,0.946393,0.948189,0.001797,neutral
814380,2026-03-19,2h,1481,76,532,34,30,7,0.5395,0.917293,0.951188,0.939929,-0.011259,down
990080,2025-12-18,2h,8073,822,3809,534,30,18,-0.213634,0.082725,0.907589,0.877044,-0.030545,down
990080,2026-02-05,2h,3147,500,681,101,30,7,-0.072586,-0.134286,0.862901,0.870844,0.007943,up
990080,2026-03-14,2h,2195,329,1072,167,30,12,0.220957,0.268997,0.869651,0.865214,-0.004437,neutral
264710,2026-03-19,2h,2800,49,984,17,30,7,0.506122,0.48688,0.982801,0.983017,0.000216,neutral
1517290,2026-03-12,2h,292,146,544,205,30,14,2.992172,2.008806,0.666667,0.726302,0.059635,up
632360,2025-12-18,2h,11070,404,2226,121,30,18,-0.66486,-0.500825,0.96479,0.948445,-0.016345,down
632360,2026-02-05,2h,2057,147,1202,80,30,14,0.25217,0.166181,0.933303,0.937598,0.004294,neutral
632360,2026-03-19,2h,1737,111,495,35,30,7,0.221318,0.351351,0.939935,0.933962,-0.005973,down
1118200,2025-12-18,2h,2507,45,3914,72,30,18,1.602048,1.666667,0.982367,0.981937,-0.00043,neutral
1145360,2025-09-17,2h,1026,31,1144,42,30,8,3.181287,4.080645,0.970672,0.964587,-0.006085,down
1145360,2025-09-29,2h,2524,91,1237,64,30,7,1.100408,2.014129,0.965201,0.950807,-0.014394,down
1145360,2025-10-27,2h,3996,183,613,24,30,7,-0.342557,-0.437939,0.95621,0.962323,0.006114,up
1145360,2025-12-18,2h,1857,57,1947,84,30,18,0.747442,1.45614,0.970219,0.958641,-0.011578,down
1145360,2026-02-17,2h,1501,82,430,23,30,7,0.227753,0.202091,0.9482,0.949227,0.001028,neutral
1145360,2026-03-19,2h,1545,69,497,17,30,7,0.378641,0.055901,0.957249,0.966926,0.009677,up
391540,2025-12-04,2h,2890,96,3977,112,30,32,0.290117,0.09375,0.96785,0.972609,0.004759,neutral
391540,2026-01-17,2h,3937,106,1690,50,30,14,-0.080155,0.010782,0.973782,0.971264,-0.002517,neutral
391540,2026-03-02,2h,3024,101,1532,49,30,14,0.085601,0.039604,0.96768,0.969007,0.001327,neutral
391540,2026-03-19,2h,3089,105,739,14,30,7,0.025297,-0.428571,0.967126,0.981408,0.014282,up
261550,2025-09-22,2h,1494,184,1127,128,30,14,0.616466,0.490683,0.890346,0.898008,0.007662,up
261550,2025-11-26,2h,1669,214,2693,691,30,14,2.457588,5.919226,0.886352,0.795804,-0.090548,down
261550,2025-12-18,2h,3986,965,1698,339,30,18,-0.290015,-0.414508,0.80509,0.833579,0.028489,up
261550,2026-03-19,2h,1573,270,453,75,30,7,0.23422,0.190476,0.8535,0.857955,0.004455,neutral
1326470,2026-03-19,2h,2610,200,1446,120,30,7,1.374384,1.571429,0.928826,0.923372,-0.005454,down
1144200,2026-02-05,2h,2838,433,1056,154,30,10,0.116279,0.066975,0.867625,0.872727,0.005103,up
1144200,2026-03-19,2h,3558,589,2081,316,30,7,1.506625,1.299297,0.85797,0.868169,0.010199,up
526870,2025-12-01,2h,5134,86,824,20,30,7,-0.312149,-0.003322,0.983525,0.976303,-0.007222,down
526870,2025-12-18,2h,5216,82,2349,56,30,18,-0.249425,0.138211,0.984522,0.976715,-0.007807,down
526870,2026-03-05,2h,2586,82,2704,63,30,21,0.493758,0.097561,0.969265,0.977232,0.007966,up
1468810,2024-05-27,2h,235,108,58,23,30,7,0.057751,-0.087302,0.685131,0.716049,0.030918,up
1468810,2024-06-27,2h,286,119,194,59,30,14,0.453546,0.062425,0.706173,0.766798,0.060626,up
1468810,2024-11-06,2h,261,68,66,27,30,6,0.264368,0.985294,0.793313,0.709677,-0.083636,down
1468810,2024-12-12,2h,333,201,83,57,30,7,0.068211,0.215352,0.623596,0.592857,-0.030738,down
1468810,2024-12-20,2h,306,254,357,213,30,13,1.692308,0.935191,0.546429,0.626316,0.079887,up
1468810,2025-01-26,2h,685,361,217,159,30,14,-0.321168,-0.056193,0.654876,0.577128,-0.077748,down
1468810,2025-03-13,2h,334,135,70,36,30,7,-0.101796,0.142857,0.712154,0.660377,-0.051776,down
1468810,2025-05-20,2h,214,68,59,18,30,7,0.181575,0.134454,0.758865,0.766234,0.007369,up
1468810,2025-06-26,2h,256,87,130,36,30,14,0.08817,-0.1133,0.746356,0.783133,0.036777,up
1468810,2025-07-22,2h,271,87,58,31,30,6,0.070111,0.781609,0.756983,0.651685,-0.105298,down
1468810,2025-09-23,2h,214,59,102,28,30,13,0.099928,0.095176,0.783883,0.784615,0.000733,neutral
1468810,2025-12-04,2h,348,58,53,11,30,7,-0.347291,-0.187192,0.857143,0.828125,-0.029018,down
1468810,2025-12-18,2h,354,71,146,48,30,18,-0.312618,0.126761,0.832941,0.752577,-0.080364,down
1468810,2026-01-26,2h,249,65,245,70,30,14,1.108434,1.307692,0.792994,0.777778,-0.015216,down
1468810,2026-03-19,2h,270,84,66,14,30,7,0.047619,-0.285714,0.762712,0.825,0.062288,up
1332010,2024-05-23,2h,1095,27,584,16,30,11,0.454545,0.616162,0.975936,0.973333,-0.002602,neutral
1332010,2024-06-27,2h,1390,41,1120,24,30,14,0.726619,0.254355,0.971349,0.979021,0.007672,up
1332010,2024-08-01,2h,1862,45,818,22,30,11,0.198125,0.333333,0.976403,0.97381,-0.002593,neutral
1332010,2024-10-28,2h,774,25,345,9,30,7,0.910299,0.542857,0.968711,0.974576,0.005865,up
1332010,2024-11-27,2h,1204,29,405,3,30,7,0.441623,-0.55665,0.97648,0.992647,0.016167,up
1332010,2024-12-05,2h,1275,22,2059,49,30,28,0.730252,1.386364,0.983038,0.976755,-0.006283,down
1332010,2025-01-18,2h,2236,52,438,11,30,7,-0.160491,-0.093407,0.977273,0.975501,-0.001772,neutral
1332010,2025-02-24,2h,1258,31,469,14,30,7,0.597774,0.935484,0.97595,0.971014,-0.004936,neutral
1332010,2025-03-13,2h,1403,35,377,13,30,7,0.151614,0.591837,0.975661,0.966667,-0.008994,down
1332010,2025-04-12,2h,1277,33,749,14,30,14,0.256852,-0.090909,0.974809,0.981651,0.006842,up
1332010,2025-05-26,2h,1025,27,719,13,30,14,0.503136,0.031746,0.974335,0.98224,0.007906,up
1332010,2025-06-27,2h,1413,28,1619,40,30,27,0.273099,0.587302,0.980569,0.975889,-0.00468,neutral
1332010,2025-08-23,2h,1090,36,704,19,30,14,0.38401,0.130952,0.968028,0.973721,0.005692,up
1332010,2025-09-29,2h,1236,34,1018,42,30,21,0.176607,0.764706,0.973228,0.960377,-0.012851,down
1332010,2025-11-19,2h,1002,22,694,18,30,14,0.484175,0.753247,0.978516,0.974719,-0.003797,neutral
1332010,2025-12-18,2h,1317,35,2212,39,30,32,0.574601,0.044643,0.974112,0.982674,0.008562,up
1332010,2026-02-22,2h,1029,40,618,18,30,13,0.385961,0.038462,0.962582,0.971698,0.009116,up
1332010,2026-03-19,2h,1286,38,355,6,30,7,0.18307,-0.323308,0.971299,0.98338,0.01208,up
1332010,2026-04-06,2h,1378,33,647,19,30,14,0.006117,0.233766,0.976612,0.971471,-0.005141,down
1426210,2025-05-01,2h,2190,63,1503,46,30,14,0.470646,0.564626,0.972037,0.970303,-0.001734,neutral
1426210,2025-06-20,2h,2347,88,3235,136,30,20,1.067533,1.318182,0.96386,0.959656,-0.004204,neutral
1426210,2025-07-28,2h,4459,179,1725,59,30,14,-0.171018,-0.293695,0.961406,0.966928,0.005522,up
1426210,2025-09-11,2h,2503,108,1306,56,30,14,0.118087,0.111111,0.958637,0.958884,0.000247,neutral
1426210,2025-09-29,2h,2590,114,1064,27,30,7,0.760618,0.015038,0.95784,0.975252,0.017412,up
1426210,2025-11-20,2h,2053,58,1792,60,30,14,0.870434,1.216749,0.972525,0.967603,-0.004922,neutral
1426210,2025-12-18,2h,3267,119,5261,188,30,25,0.932415,0.895798,0.964855,0.965498,0.000643,neutral
1426210,2026-02-11,2h,3895,164,2545,90,30,14,0.400147,0.175958,0.959596,0.965844,0.006248,up
1426210,2026-03-19,2h,4501,168,1065,38,30,7,0.01406,-0.030612,0.964018,0.965549,0.001531,neutral
1426210,2026-04-23,2h,3183,135,1149,52,30,14,-0.226471,-0.174603,0.959313,0.956703,-0.00261,neutral
870780,2024-06-13,2h,400,87,490,82,30,28,0.3125,0.009852,0.821355,0.856643,0.035288,up
870780,2024-08-12,2h,375,49,103,11,30,7,0.177143,-0.037901,0.884434,0.903509,0.019075,up
870780,2024-09-19,2h,350,54,254,36,30,14,0.555102,0.428571,0.866337,0.875862,0.009525,up
870780,2024-11-04,2h,495,60,121,10,30,7,0.047619,-0.285714,0.891892,0.923664,0.031772,up
870780,2024-11-27,2h,505,63,164,11,30,7,0.391796,-0.251701,0.889085,0.937143,0.048058,up
870780,2024-12-12,2h,536,66,386,51,30,21,0.028785,0.103896,0.890365,0.883295,-0.00707,down
870780,2025-03-13,2h,325,44,124,26,30,7,0.635165,1.532468,0.880759,0.826667,-0.054092,down
870780,2025-04-21,2h,323,61,77,15,30,7,0.021672,0.053864,0.841146,0.836957,-0.004189,neutral
870780,2025-06-02,2h,289,64,149,31,30,7,1.20959,1.075893,0.818697,0.827778,0.009081,up
870780,2025-06-27,2h,517,105,229,46,30,13,0.022169,0.010989,0.83119,0.832727,0.001538,neutral
870780,2025-07-14,2h,527,100,139,23,30,7,0.130388,-0.014286,0.84051,0.858025,0.017514,up
870780,2025-08-24,2h,405,84,253,60,30,7,1.677249,2.061224,0.828221,0.808307,-0.019914,down
870780,2025-09-29,2h,745,196,200,60,30,7,0.150527,0.311953,0.791711,0.769231,-0.02248,down
870780,2025-10-27,2h,779,179,152,30,30,7,-0.163763,-0.281724,0.813152,0.835165,0.022012,up
870780,2025-12-08,2h,598,117,162,29,30,7,0.161013,0.062271,0.836364,0.848168,0.011804,up
870780,2025-12-18,2h,646,125,627,117,30,18,0.617647,0.56,0.837873,0.842742,0.004869,neutral
870780,2026-01-20,2h,944,177,251,39,30,7,0.139528,-0.05569,0.842105,0.865517,0.023412,up
870780,2026-03-19,2h,609,106,162,39,30,7,0.140042,0.576819,0.851748,0.80597,-0.045778,down
870780,2026-04-17,2h,583,111,146,23,30,7,0.073266,-0.111969,0.840058,0.863905,0.023848,up
1057090,2024-06-09,2h,713,22,603,30,30,14,0.812262,1.922078,0.970068,0.952607,-0.017461,down
1057090,2024-06-27,2h,1049,40,654,19,30,14,0.335966,0.017857,0.963269,0.971768,0.008499,up
1057090,2024-09-20,2h,610,24,219,7,30,7,0.538642,0.25,0.962145,0.969027,0.006881,up
1057090,2024-11-27,2h,468,22,243,9,30,7,1.225275,0.753247,0.955102,0.964286,0.009184,up
1057090,2024-12-20,2h,758,38,485,16,30,13,0.476558,-0.02834,0.952261,0.968064,0.015803,up
1057090,2025-01-20,2h,939,39,489,19,30,14,0.115929,0.043956,0.960123,0.962598,0.002476,neutral
1057090,2025-03-05,2h,765,52,241,12,30,8,0.181373,-0.134615,0.936353,0.952569,0.016217,up
1057090,2025-03-14,2h,732,55,264,11,30,6,0.803279,0.0,0.930114,0.96,0.029886,up
1057090,2025-04-24,2h,611,28,426,17,30,14,0.494038,0.30102,0.956182,0.961625,0.005444,up
1057090,2025-06-07,2h,669,42,238,14,30,9,0.18585,0.111111,0.940928,0.944444,0.003516,neutral
1057090,2025-06-27,2h,716,36,359,15,30,13,0.157069,-0.038462,0.952128,0.959893,0.007765,up
1057090,2025-09-29,2h,673,30,286,14,30,7,0.821269,1.0,0.957326,0.953333,-0.003992,neutral
1057090,2025-11-21,2h,485,19,390,16,30,11,1.193065,1.296651,0.962302,0.960591,-0.00171,neutral
1057090,2025-12-18,2h,904,45,536,30,30,18,-0.011799,0.111111,0.952582,0.946996,-0.005585,down
1057090,2026-01-21,2h,791,29,260,14,30,12,-0.178255,0.206897,0.964634,0.948905,-0.015729,down
1057090,2026-03-19,2h,467,16,161,8,30,7,0.477516,1.142857,0.966874,0.952663,-0.014211,down
1057090,2026-04-16,2h,568,28,303,13,30,14,0.143109,-0.005102,0.95302,0.958861,0.005841,up
294100,2024-10-04,2h,1442,42,833,19,30,14,0.237864,-0.030612,0.971698,0.9777,0.006001,up
294100,2024-11-27,2h,1412,29,2287,18,30,7,5.941522,1.660099,0.979875,0.992191,0.012316,up
294100,2024-12-19,2h,3517,38,942,31,30,14,-0.426053,0.74812,0.989311,0.96814,-0.021171,down
294100,2025-01-23,2h,1958,72,1024,26,30,14,0.120677,-0.22619,0.964532,0.975238,0.010706,up
294100,2025-03-13,2h,1768,33,484,18,30,7,0.173239,1.337662,0.981677,0.964143,-0.017533,down
294100,2025-03-24,2h,1841,38,1019,28,30,14,0.186079,0.578947,0.979776,0.973257,-0.00652,down
294100,2025-05-14,2h,1612,40,444,14,30,7,0.180432,0.5,0.975787,0.969432,-0.006355,down
294100,2025-06-27,2h,2241,57,4009,139,30,27,0.987704,1.709552,0.975196,0.96649,-0.008706,down
294100,2025-09-29,2h,1768,68,456,11,30,7,0.105365,-0.306723,0.962963,0.976445,0.013482,up
294100,2025-10-10,2h,1823,57,876,22,30,14,0.0297,-0.172932,0.969681,0.975501,0.00582,up
294100,2025-11-24,2h,1700,48,3118,11,30,7,6.860504,-0.017857,0.97254,0.996484,0.023944,up
294100,2025-12-18,2h,4568,45,1444,42,30,18,-0.473147,0.555556,0.990245,0.971736,-0.018509,down
294100,2026-02-10,2h,1965,45,1019,28,30,14,0.111232,0.333333,0.977612,0.973257,-0.004355,neutral
294100,2026-03-19,2h,2090,45,474,15,30,7,-0.028025,0.428571,0.978923,0.969325,-0.009598,down
294100,2026-04-17,2h,2027,70,425,10,30,7,-0.101417,-0.387755,0.966619,0.977011,0.010393,up
582010,2024-12-19,2h,4966,353,1869,129,30,14,-0.193516,-0.216916,0.933634,0.935435,0.001801,neutral
582010,2025-01-27,2h,3381,243,1951,147,30,14,0.236532,0.296296,0.932947,0.929933,-0.003014,neutral
582010,2025-04-23,2h,2162,202,1294,114,30,13,0.3812,0.302361,0.914552,0.919034,0.004482,neutral
582010,2025-06-05,2h,2027,221,1397,164,30,15,0.378392,0.484163,0.90169,0.894939,-0.006751,down
582010,2025-06-27,2h,2465,279,1195,112,30,13,0.118739,-0.073615,0.898324,0.914308,0.015984,up
582010,2025-08-11,2h,1761,194,891,109,30,13,0.167606,0.29659,0.900767,0.891,-0.009767,down
582010,2025-09-23,2h,1588,140,744,221,30,13,0.081186,2.642857,0.918981,0.770984,-0.147997,down
582010,2025-10-29,2h,1612,323,802,84,30,13,0.14812,-0.399857,0.833075,0.905192,0.072117,up
582010,2025-12-11,2h,1686,162,1876,197,30,25,0.335231,0.459259,0.912338,0.904969,-0.007369,down
582010,2026-02-12,2h,1309,174,856,87,30,14,0.401288,0.071429,0.88267,0.907741,0.025071,up
582010,2026-04-01,2h,1396,157,1399,164,30,14,1.147462,1.238399,0.898905,0.895074,-0.003832,neutral
435150,2024-06-27,2h,774,46,513,39,30,14,0.420266,0.81677,0.943902,0.929348,-0.014555,down
435150,2024-09-05,2h,814,53,165,15,30,4,0.52027,1.122642,0.93887,0.916667,-0.022203,down
435150,2024-11-27,2h,622,34,290,22,30,7,0.998163,1.773109,0.948171,0.929487,-0.018684,down
435150,2024-12-19,2h,1113,115,693,39,30,14,0.334232,-0.273292,0.906352,0.946721,0.04037,up
435150,2025-02-10,2h,919,62,222,21,30,7,0.035287,0.451613,0.936799,0.91358,-0.023219,down
435150,2025-03-13,2h,947,66,222,19,30,7,0.004676,0.233766,0.934847,0.921162,-0.013685,down
435150,2025-06-02,2h,652,48,221,17,30,7,0.452673,0.517857,0.931429,0.928571,-0.002857,neutral
435150,2025-06-27,2h,839,60,467,28,30,13,0.284496,0.076923,0.933259,0.943434,0.010175,up
435150,2025-09-29,2h,560,31,177,14,30,7,0.354592,0.935484,0.947547,0.926702,-0.020845,down
435150,2025-12-18,2h,1013,64,1834,123,30,18,2.01744,2.203125,0.940576,0.937149,-0.003427,neutral
435150,2026-02-02,2h,2047,146,518,34,30,7,0.084514,-0.001957,0.933425,0.938406,0.004981,neutral
435150,2026-03-19,2h,1112,86,234,16,30,7,-0.09815,-0.202658,0.928214,0.936,0.007786,up
435150,2026-04-13,2h,953,73,201,19,30,7,-0.096088,0.11546,0.92885,0.913636,-0.015214,down
1794680,2024-06-27,2h,1220,27,729,14,30,14,0.280445,0.111111,0.978348,0.981157,0.002809,neutral
1794680,2024-08-08,2h,1377,50,346,11,30,7,0.076875,-0.057143,0.964961,0.969188,0.004226,neutral
1794680,2024-10-21,2h,995,26,1420,30,30,14,2.058148,1.472527,0.974535,0.97931,0.004776,neutral
1794680,2024-11-27,2h,2623,48,3699,17,30,7,5.043788,0.517857,0.982029,0.995425,0.013396,up
1794680,2024-12-20,2h,4966,45,906,19,30,13,-0.578983,-0.025641,0.99102,0.979459,-0.01156,down
1794680,2025-02-10,2h,1186,30,276,6,30,7,-0.00265,-0.142857,0.975329,0.978723,0.003394,neutral
1794680,2025-03-13,2h,1123,23,335,15,30,7,0.278463,1.795031,0.97993,0.957143,-0.022787,down
1794680,2025-04-08,2h,1212,36,491,18,30,7,0.736209,1.142857,0.971154,0.964637,-0.006517,down
1794680,2025-05-26,2h,909,23,304,7,30,7,0.433286,0.304348,0.975322,0.977492,0.00217,neutral
1794680,2025-06-27,2h,1057,31,510,13,30,13,0.113456,-0.032258,0.971507,0.975143,0.003636,neutral
1794680,2025-07-16,2h,1056,34,174,8,30,5,-0.011364,0.411765,0.968807,0.956044,-0.012763,down
1794680,2025-09-29,2h,832,23,310,11,30,7,0.596841,1.049689,0.973099,0.965732,-0.007367,down
1794680,2025-10-21,2h,1163,34,1212,60,30,14,1.233141,2.781513,0.971596,0.95283,-0.018765,down
1794680,2025-12-18,2h,1586,33,826,25,30,18,-0.131988,0.262626,0.979617,0.970623,-0.008994,down
1794680,2026-02-09,2h,915,44,510,17,30,14,0.194379,-0.172078,0.954119,0.967742,0.013623,up
1794680,2026-03-19,2h,925,30,195,8,30,7,-0.096525,0.142857,0.968586,0.960591,-0.007995,down
1794680,2026-04-20,2h,795,23,323,13,30,7,0.74124,1.42236,0.971883,0.96131,-0.010573,down
255710,2024-05-19,2h,1342,104,225,16,30,4,0.257452,0.153846,0.928077,0.93361,0.005533,up
255710,2024-06-27,2h,1246,100,897,51,30,14,0.542651,0.092857,0.925706,0.946203,0.020497,up
255710,2024-10-24,2h,921,63,870,57,30,14,1.024197,0.938776,0.935976,0.938511,0.002536,neutral
255710,2024-11-27,2h,1543,87,1069,60,30,7,1.96917,1.955665,0.946626,0.946856,0.00023,neutral
255710,2024-12-19,2h,2734,165,1035,67,30,14,-0.188787,-0.12987,0.943084,0.939201,-0.003882,neutral
255710,2025-03-13,2h,1087,596,2087,235,30,18,2.199939,-0.342841,0.64587,0.898794,0.252924,up
255710,2025-05-08,2h,1332,105,310,27,30,7,-0.002574,0.102041,0.926931,0.919881,-0.00705,down
255710,2025-06-26,2h,1059,89,747,50,30,14,0.511534,0.203852,0.922474,0.937265,0.014791,up
255710,2025-09-29,2h,903,94,271,26,30,7,0.286189,0.18541,0.905717,0.912458,0.006741,up
255710,2025-12-18,2h,865,63,802,49,30,18,0.545279,0.296296,0.932112,0.942421,0.010309,up
255710,2026-03-05,2h,941,134,985,106,30,7,3.486109,2.390192,0.875349,0.902841,0.027493,up
255710,2026-03-19,2h,2217,280,458,34,30,7,-0.114634,-0.479592,0.887865,0.930894,0.043029,up
255710,2026-04-30,2h,1061,101,294,25,30,7,0.187559,0.06082,0.913081,0.92163,0.008549,up
105600,2026-03-19,10h,11605,405,2223,77,30,7,-0.179048,-0.185185,0.966278,0.966522,0.000244,neutral
252490,2026-03-19,10h,10471,1786,2085,336,30,7,-0.146623,-0.193729,0.854287,0.861214,0.006927,up
2358720,2026-02-09,10h,1810,150,1605,153,30,14,0.900158,1.185714,0.923469,0.912969,-0.0105,down
1245620,2026-03-19,10h,5237,356,1550,93,30,7,0.268447,0.119583,0.936349,0.943396,0.007047,up
553850,2026-03-19,10h,8837,4632,1726,607,30,7,-0.162935,-0.438379,0.656099,0.73982,0.083721,up
550,2026-03-19,10h,4387,107,1256,28,30,7,0.227002,0.121495,0.97619,0.978193,0.002003,neutral
381210,2026-03-17,10h,4741,1319,1944,563,30,9,0.3668,0.422795,0.782343,0.775429,-0.006914,down
739630,2026-01-17,10h,3999,263,1680,122,30,14,-0.099775,-0.005975,0.938292,0.932297,-0.005994,down
739630,2026-03-19,10h,3531,276,882,55,30,9,-0.167375,-0.335749,0.927502,0.941302,0.0138,up
413150,2026-03-19,10h,1959,19,2400,19,30,7,4.250492,3.285714,0.990394,0.992146,0.001751,neutral
1091500,2026-02-12,10h,6750,349,2181,93,30,10,-0.030667,-0.200573,0.950838,0.959103,0.008265,up
1091500,2026-03-19,10h,6137,268,1729,80,30,7,0.20743,0.279318,0.958158,0.955777,-0.002381,neutral
1086940,2026-02-26,10h,6070,263,687,37,30,4,-0.151153,0.055133,0.958471,0.948895,-0.009576,down
1086940,2026-03-19,10h,5242,225,1203,50,30,7,-0.01646,-0.047619,0.958844,0.960096,0.001252,neutral
218620,2025-06-05,10h,742,68,248,15,30,7,0.432422,-0.054622,0.916049,0.942966,0.026916,up
218620,2025-06-27,10h,1052,67,436,32,30,13,-0.04358,0.102181,0.940125,0.931624,-0.008501,down
218620,2025-07-13,10h,1090,65,463,38,30,14,-0.089777,0.252747,0.943723,0.924152,-0.019571,down
218620,2025-09-25,10h,571,264,455,1189,30,11,1.173221,11.283058,0.683832,0.276764,-0.407068,down
218620,2025-11-21,10h,692,103,437,27,30,14,0.35322,-0.43828,0.87044,0.94181,0.07137,up
218620,2025-12-18,10h,739,64,1086,90,30,18,1.449256,1.34375,0.920299,0.923469,0.003171,neutral
218620,2026-01-15,10h,1642,125,569,39,30,14,-0.257439,-0.331429,0.929259,0.935855,0.006597,up
218620,2026-02-28,10h,915,75,404,28,30,14,-0.053864,-0.2,0.924242,0.935185,0.010943,up
218620,2026-03-19,10h,847,69,195,12,30,7,-0.013324,-0.254658,0.924672,0.942029,0.017356,up
892970,2025-12-18,10h,5131,225,1508,170,30,18,-0.510167,0.259259,0.957991,0.898689,-0.059302,down
892970,2026-01-20,10h,2574,278,1399,174,30,14,0.164669,0.341213,0.902525,0.889383,-0.013141,down
892970,2026-03-05,10h,2500,367,1865,196,30,21,0.065714,-0.237057,0.871992,0.904901,0.032909,up
322330,2025-12-18,10h,6157,154,1463,102,30,18,-0.603974,0.103896,0.975598,0.934824,-0.040774,down
322330,2026-02-12,10h,1559,165,477,35,30,7,0.31128,-0.090909,0.904292,0.931641,0.027348,up
322330,2026-03-19,10h,1629,150,451,27,30,7,0.18653,-0.228571,0.915683,0.943515,0.027832,up
377160,2025-12-18,10h,1609,1982,1374,719,30,18,0.423244,-0.395392,0.448065,0.656474,0.208409,up
377160,2026-01-28,10h,2623,934,981,214,30,9,0.246664,-0.23626,0.737419,0.820921,0.083501,up
377160,2026-03-19,10h,2040,302,355,48,30,7,-0.254202,-0.318827,0.87105,0.880893,0.009843,up
1623730,2025-12-04,10h,5838,160,3487,182,30,32,-0.440037,0.066406,0.973324,0.950395,-0.022929,down
1623730,2026-02-12,10h,2749,168,1192,50,30,12,0.084031,-0.255952,0.942407,0.959742,0.017336,up
4000,2026-03-19,10h,6371,163,1362,28,30,7,-0.083795,-0.263804,0.975054,0.979856,0.004803,neutral
227300,2026-02-19,10h,6525,286,1851,98,30,7,0.215764,0.468531,0.958009,0.949718,-0.008291,down
227300,2026-03-19,10h,6365,307,1414,37,30,7,-0.047918,-0.483481,0.953987,0.9745,0.020514,up
242760,2026-03-19,10h,2043,71,798,31,30,7,0.674009,0.871227,0.966414,0.962606,-0.003809,neutral
251570,2025-08-25,10h,2114,2112,826,233,30,14,-0.162725,-0.763596,0.500237,0.779981,0.279744,up
251570,2025-09-29,10h,1581,380,414,74,30,7,0.122255,-0.165414,0.806221,0.848361,0.042139,up
251570,2025-10-27,10h,1547,287,337,45,30,7,-0.066396,-0.328024,0.843511,0.882199,0.038688,up
251570,2025-12-18,10h,3404,278,1270,239,30,18,-0.378183,0.432854,0.924498,0.841617,-0.082881,down
251570,2026-01-28,10h,1891,303,515,95,30,10,-0.182972,-0.059406,0.861896,0.844262,-0.017634,down
251570,2026-03-19,10h,1291,209,343,70,30,7,0.138652,0.435407,0.860667,0.830508,-0.030158,down
960090,2025-12-18,10h,4449,73,1466,48,30,18,-0.450813,0.09589,0.983857,0.968296,-0.015561,down
960090,2026-03-09,10h,2411,83,575,24,30,7,0.022101,0.239243,0.96672,0.959933,-0.006787,down
960090,2026-03-19,10h,2197,86,515,15,30,7,0.004617,-0.252492,0.96233,0.971698,0.009368,up
289070,2025-08-04,10h,1712,503,865,93,30,14,0.082694,-0.603806,0.772912,0.902923,0.130011,up
289070,2025-09-18,10h,1512,144,891,85,30,18,-0.017857,-0.016204,0.913043,0.91291,-0.000134,neutral
289070,2025-11-03,10h,1320,125,720,66,30,14,0.168831,0.131429,0.913495,0.916031,0.002536,neutral
289070,2025-12-18,10h,1408,113,1047,104,30,18,0.239347,0.533923,0.925707,0.909644,-0.016063,down
289070,2026-02-05,10h,1344,135,720,53,30,14,0.147959,-0.15873,0.908722,0.931436,0.022714,up
289070,2026-03-19,10h,1425,117,566,61,30,11,0.083254,0.421911,0.924125,0.902711,-0.021413,down
648800,2025-09-29,10h,1310,126,361,27,30,7,0.181025,-0.081633,0.912256,0.930412,0.018156,up
648800,2025-12-18,10h,1305,102,1378,141,30,18,0.759898,1.303922,0.927505,0.907176,-0.02033,down
648800,2026-03-19,10h,1605,134,510,41,30,7,0.361816,0.311301,0.922944,0.92559,0.002646,neutral
284160,2026-02-15,10h,5005,118,1743,28,30,7,0.492507,0.016949,0.976967,0.98419,0.007223,up
284160,2026-03-19,10h,4997,127,1062,23,30,7,-0.089168,-0.223847,0.975215,0.978802,0.003587,neutral
1966720,2025-09-29,10h,1234,46,389,33,30,7,0.351007,2.074534,0.964063,0.921801,-0.042262,down
1966720,2025-10-30,10h,1494,98,201,19,30,4,0.009036,0.454082,0.938442,0.913636,-0.024806,down
1966720,2025-12-18,10h,2293,69,1132,54,30,18,-0.177206,0.304348,0.970787,0.954469,-0.016319,down
1966720,2026-03-19,10h,1326,60,303,15,30,7,-0.020685,0.071429,0.95671,0.95283,-0.00388,neutral
620,2025-12-18,10h,1483,17,1367,12,30,18,0.5363,0.176471,0.988667,0.991298,0.002631,neutral
620,2026-03-19,10h,1204,16,369,4,30,7,0.313479,0.071429,0.986885,0.989276,0.002391,neutral
221100,2025-10-27,10h,2422,290,546,80,30,7,-0.033856,0.182266,0.893068,0.872204,-0.020863,down
221100,2025-12-18,10h,2118,250,1610,178,30,18,0.266918,0.186667,0.894426,0.900447,0.006022,up
221100,2026-02-05,10h,2573,350,1141,139,30,14,-0.049747,-0.14898,0.88026,0.891406,0.011146,up
221100,2026-03-19,10h,2315,285,514,64,30,7,-0.048442,-0.037594,0.890385,0.889273,-0.001111,neutral
367520,2026-03-19,10h,4540,137,974,50,30,7,-0.080554,0.564129,0.970708,0.951172,-0.019536,down
1172620,2025-06-24,10h,1148,219,854,262,30,16,0.394817,1.243151,0.839795,0.765233,-0.074562,down
1172620,2025-08-11,10h,1264,257,285,76,30,7,-0.03368,0.267371,0.831032,0.789474,-0.041559,down
1172620,2025-09-24,10h,820,162,364,64,30,12,0.109756,-0.012346,0.835031,0.850467,0.015437,up
1172620,2025-11-21,10h,684,166,1065,70,30,11,3.246411,0.150055,0.804706,0.938326,0.13362,up
1172620,2025-12-18,10h,1557,196,850,141,30,18,-0.090131,0.19898,0.888192,0.857719,-0.030472,down
1172620,2026-02-09,10h,1003,254,185,33,30,7,-0.209514,-0.443195,0.797932,0.848624,0.050692,up
1172620,2026-03-19,10h,872,237,187,59,30,7,-0.080931,0.066908,0.786294,0.760163,-0.026131,down
275850,2025-12-18,10h,10007,170,1678,137,30,18,-0.720529,0.343137,0.983296,0.924518,-0.058778,down
275850,2026-02-09,10h,1607,123,1705,168,30,14,1.273535,1.926829,0.928902,0.910304,-0.018597,down
275850,2026-03-19,10h,2276,217,407,33,30,7,-0.233618,-0.348255,0.912956,0.925,0.012044,up
814380,2025-09-22,10h,2170,90,994,35,30,14,-0.018433,-0.166667,0.960177,0.965986,0.005809,up
814380,2025-11-19,10h,1626,64,1004,36,30,14,0.323142,0.205357,0.96213,0.965385,0.003254,neutral
814380,2025-12-18,10h,1984,74,1404,57,30,18,0.179435,0.283784,0.964043,0.960986,-0.003057,neutral
814380,2026-03-19,10h,1340,42,413,21,30,7,0.320896,1.142857,0.969609,0.951613,-0.017996,down
990080,2025-12-18,10h,5853,553,2726,363,30,18,-0.22376,0.094033,0.913675,0.882486,-0.031188,down
990080,2026-02-05,10h,2580,357,508,66,30,7,-0.156146,-0.207683,0.878447,0.885017,0.00657,up
990080,2026-03-14,10h,1817,239,757,118,30,12,0.041552,0.23431,0.883755,0.865143,-0.018612,down
264710,2026-03-19,10h,2337,32,682,9,30,7,0.250688,0.205357,0.986492,0.986975,0.000483,neutral
1517290,2026-03-12,10h,255,100,249,105,30,14,1.092437,1.25,0.71831,0.70339,-0.01492,down
632360,2025-12-18,10h,9656,288,1638,69,30,18,-0.717274,-0.600694,0.971038,0.959578,-0.01146,down
632360,2026-02-05,10h,1698,100,887,37,30,14,0.119384,-0.207143,0.944383,0.959957,0.015574,up
632360,2026-03-19,10h,1406,66,364,18,30,7,0.109531,0.168831,0.955163,0.95288,-0.002283,neutral
1118200,2025-12-18,10h,1918,41,2034,41,30,18,0.767466,0.666667,0.979071,0.980241,0.00117,neutral
1145360,2025-09-17,10h,861,22,581,17,30,8,1.530488,1.897727,0.975085,0.971572,-0.003513,neutral
1145360,2025-09-29,10h,1584,47,799,40,30,7,1.161797,2.647416,0.971183,0.952324,-0.018859,down
1145360,2025-10-27,10h,2861,107,425,13,30,7,-0.363359,-0.479306,0.963949,0.97032,0.006371,up
1145360,2025-12-18,10h,1536,42,1296,50,30,18,0.40625,0.984127,0.973384,0.962853,-0.010531,down
1145360,2026-02-17,10h,1234,53,280,16,30,7,-0.027553,0.293801,0.958819,0.945946,-0.012873,down
1145360,2026-03-19,10h,1168,44,307,10,30,7,0.126468,-0.025974,0.963696,0.968454,0.004758,neutral
391540,2025-12-04,10h,1735,41,2124,46,30,32,0.147695,0.051829,0.976914,0.978802,0.001887,neutral
391540,2026-01-17,10h,2155,43,921,22,30,14,-0.08419,0.096346,0.980437,0.97667,-0.003767,neutral
391540,2026-03-02,10h,1754,44,762,25,30,14,-0.069067,0.217532,0.975528,0.968234,-0.007295,down
391540,2026-03-19,10h,1666,49,391,3,30,7,0.005831,-0.737609,0.971429,0.992386,0.020957,up
261550,2025-09-22,10h,1385,170,987,109,30,14,0.527076,0.37395,0.890675,0.900547,0.009872,up
261550,2025-11-26,10h,1581,197,2453,634,30,14,2.324749,5.896302,0.889201,0.794623,-0.094579,down
261550,2025-12-18,10h,3653,883,1510,298,30,18,-0.311069,-0.437524,0.805335,0.835177,0.029842,up
261550,2026-03-19,10h,1469,248,392,60,30,7,0.143635,0.036866,0.855562,0.867257,0.011695,up
1326470,2026-03-19,10h,2161,152,875,49,30,7,0.735308,0.381579,0.934284,0.94697,0.012685,up
1144200,2026-02-05,10h,2053,346,685,118,30,10,0.000974,0.023121,0.855773,0.853051,-0.002722,neutral
1144200,2026-03-19,10h,2810,504,1356,245,30,7,1.068124,1.083333,0.847918,0.846971,-0.000947,neutral
526870,2025-12-01,10h,4884,72,722,16,30,7,-0.366444,-0.047619,0.985472,0.97832,-0.007152,down
526870,2025-12-18,10h,4923,67,1903,43,30,18,-0.355745,0.069652,0.986573,0.977903,-0.00867,down
526870,2026-03-05,10h,2349,64,2275,43,30,21,0.383567,-0.040179,0.973477,0.98145,0.007973,up
1468810,2024-05-27,10h,212,100,49,21,30,7,-0.009434,-0.1,0.679487,0.7,0.020513,up
1468810,2024-06-27,10h,259,111,160,48,30,14,0.323773,-0.073359,0.7,0.769231,0.069231,up
1468810,2024-11-06,10h,222,61,46,20,30,6,0.036036,0.639344,0.784452,0.69697,-0.087483,down
1468810,2024-12-12,10h,298,189,70,43,30,7,0.006711,-0.024943,0.61191,0.619469,0.007559,up
1468810,2024-12-20,10h,270,228,306,192,30,13,1.615385,0.94332,0.542169,0.614458,0.072289,up
1468810,2025-01-26,10h,609,327,184,143,30,14,-0.352569,-0.06291,0.650641,0.562691,-0.08795,down
1468810,2025-03-13,10h,294,121,59,30,30,7,-0.139942,0.062574,0.708434,0.662921,-0.045512,down
1468810,2025-05-20,10h,197,61,46,13,30,7,0.000725,-0.086651,0.763566,0.779661,0.016095,up
1468810,2025-06-26,10h,227,75,108,31,30,14,0.019509,-0.114286,0.751656,0.776978,0.025323,up
1468810,2025-07-22,10h,236,74,43,26,30,6,-0.088983,0.756757,0.76129,0.623188,-0.138102,down
1468810,2025-09-23,10h,191,51,84,27,30,13,0.014901,0.221719,0.789256,0.756757,-0.032499,down
1468810,2025-12-04,10h,318,51,47,9,30,7,-0.366577,-0.243697,0.861789,0.839286,-0.022503,down
1468810,2025-12-18,10h,321,61,119,38,30,18,-0.382139,0.038251,0.840314,0.757962,-0.082352,down
1468810,2026-01-26,10h,222,53,192,55,30,14,0.853282,1.22372,0.807273,0.777328,-0.029945,down
1468810,2026-03-19,10h,244,71,51,12,30,7,-0.104215,-0.275654,0.774603,0.809524,0.034921,up
1332010,2024-05-23,10h,397,5,184,3,30,11,0.264026,0.636364,0.987562,0.983957,-0.003605,neutral
1332010,2024-06-27,10h,494,9,318,3,30,14,0.37941,-0.285714,0.982107,0.990654,0.008547,up
1332010,2024-08-01,10h,595,9,212,5,30,11,-0.028266,0.515152,0.985099,0.976959,-0.008141,down
1332010,2024-10-28,10h,297,9,104,1,30,7,0.500722,-0.52381,0.970588,0.990476,0.019888,up
1332010,2024-11-27,10h,401,8,130,0,30,7,0.389384,-1.0,0.98044,1.0,0.01956,up
1332010,2024-12-05,10h,441,7,638,5,30,28,0.550049,-0.234694,0.984375,0.992224,0.007849,up
1332010,2025-01-18,10h,741,10,149,3,30,7,-0.13823,0.285714,0.986684,0.980263,-0.006421,down
1332010,2025-02-24,10h,483,6,129,1,30,7,0.144632,-0.285714,0.98773,0.992308,0.004578,neutral
1332010,2025-03-13,10h,468,5,109,4,30,7,-0.001832,2.428571,0.989429,0.964602,-0.024827,down
1332010,2025-04-12,10h,437,8,201,4,30,14,-0.014384,0.071429,0.982022,0.980488,-0.001535,neutral
1332010,2025-05-26,10h,364,9,230,4,30,14,0.354003,-0.047619,0.975871,0.982906,0.007035,up
1332010,2025-06-27,10h,479,7,493,5,30,27,0.143586,-0.206349,0.985597,0.98996,0.004363,neutral
1332010,2025-08-23,10h,404,9,192,5,30,14,0.018388,0.190476,0.978208,0.974619,-0.003589,neutral
1332010,2025-09-29,10h,404,9,299,4,30,21,0.057284,-0.365079,0.978208,0.986799,0.00859,up
1332010,2025-11-19,10h,372,5,203,3,30,14,0.169355,0.285714,0.986737,0.985437,-0.001301,neutral
1332010,2025-12-18,10h,425,7,633,8,30,32,0.396324,0.071429,0.983796,0.98752,0.003723,neutral
1332010,2026-02-22,10h,358,11,178,2,30,13,0.1474,-0.58042,0.97019,0.988889,0.018699,up
1332010,2026-03-19,10h,407,6,120,0,30,7,0.263601,-1.0,0.985472,1.0,0.014528,up
1332010,2026-04-06,10h,469,6,198,3,30,14,-0.09534,0.071429,0.987368,0.985075,-0.002294,neutral
1426210,2025-05-01,10h,1644,37,1008,23,30,14,0.313869,0.332046,0.977989,0.977692,-0.000298,neutral
1426210,2025-06-20,10h,1786,49,1909,73,30,20,0.603303,1.234694,0.973297,0.963169,-0.010128,down
1426210,2025-07-28,10h,2938,94,1152,28,30,14,-0.159778,-0.361702,0.968997,0.976271,0.007274,up
1426210,2025-09-11,10h,1904,62,795,24,30,14,-0.105267,-0.170507,0.968464,0.970696,0.002232,neutral
1426210,2025-09-29,10h,1731,53,632,15,30,7,0.564744,0.212938,0.970291,0.976816,0.006525,up
1426210,2025-11-20,10h,1522,29,1102,32,30,14,0.55153,1.364532,0.981302,0.971781,-0.009521,down
1426210,2025-12-18,10h,2156,63,3215,92,30,25,0.789425,0.752381,0.971609,0.97218,0.000571,neutral
1426210,2026-02-11,10h,2834,79,1584,41,30,14,0.197701,0.112116,0.97288,0.974769,0.001889,neutral
1426210,2026-03-19,10h,3072,81,651,17,30,7,-0.091797,-0.100529,0.97431,0.974551,0.000241,neutral
1426210,2026-04-23,10h,2220,71,798,20,30,14,-0.22973,-0.396378,0.969009,0.97555,0.006541,up
870780,2024-06-13,10h,310,49,341,37,30,28,0.178571,-0.190962,0.86351,0.902116,0.038607,up
870780,2024-08-12,10h,297,26,80,5,30,7,0.154401,-0.175824,0.919505,0.941176,0.021672,up
870780,2024-09-19,10h,288,32,172,19,30,14,0.279762,0.272321,0.9,0.900524,0.000524,neutral
870780,2024-11-04,10h,393,40,90,5,30,7,-0.018539,-0.464286,0.907621,0.947368,0.039747,up
870780,2024-11-27,10h,380,39,131,5,30,7,0.477444,-0.450549,0.906921,0.963235,0.056314,up
870780,2024-12-12,10h,412,39,301,31,30,21,0.043689,0.135531,0.913525,0.906627,-0.006899,down
870780,2025-03-13,10h,267,25,95,18,30,7,0.52488,2.085714,0.914384,0.840708,-0.073676,down
870780,2025-04-21,10h,270,37,61,8,30,7,-0.031746,-0.073359,0.879479,0.884058,0.004579,neutral
870780,2025-06-02,10h,234,35,90,15,30,7,0.648352,0.836735,0.869888,0.857143,-0.012746,down
870780,2025-06-27,10h,371,51,165,17,30,13,0.026332,-0.230769,0.879147,0.906593,0.027446,up
870780,2025-07-14,10h,404,44,102,11,30,7,0.082037,0.071429,0.901786,0.902655,0.000869,neutral
870780,2025-08-24,10h,333,41,137,24,30,7,0.763192,1.508711,0.890374,0.850932,-0.039443,down
870780,2025-09-29,10h,554,90,134,27,30,7,0.036617,0.285714,0.860248,0.832298,-0.02795,down
870780,2025-10-27,10h,551,81,110,12,30,7,-0.144413,-0.365079,0.871835,0.901639,0.029804,up
870780,2025-12-08,10h,471,66,122,13,30,7,0.1101,-0.155844,0.877095,0.903704,0.026609,up
870780,2025-12-18,10h,499,66,486,64,30,18,0.623246,0.616162,0.883186,0.883636,0.000451,neutral
870780,2026-01-20,10h,741,95,197,19,30,7,0.139387,-0.142857,0.886364,0.912037,0.025673,up
870780,2026-03-19,10h,508,48,113,19,30,7,-0.046682,0.696429,0.913669,0.856061,-0.057608,down
870780,2026-04-17,10h,440,49,109,11,30,7,0.061688,-0.037901,0.899796,0.908333,0.008538,up
1057090,2024-06-09,10h,583,13,449,13,30,14,0.650331,1.142857,0.978188,0.971861,-0.006326,down
1057090,2024-06-27,10h,813,20,493,10,30,14,0.29942,0.071429,0.97599,0.980119,0.004129,neutral
1057090,2024-09-20,10h,521,11,163,5,30,7,0.340828,0.948052,0.979323,0.970238,-0.009085,down
1057090,2024-11-27,10h,401,8,177,3,30,7,0.891699,0.607143,0.98044,0.983333,0.002893,neutral
1057090,2024-12-20,10h,597,16,392,8,30,13,0.515269,0.153846,0.973899,0.98,0.006101,up
1057090,2025-01-20,10h,774,20,356,8,30,14,-0.014396,-0.142857,0.974811,0.978022,0.003211,neutral
1057090,2025-03-05,10h,648,30,176,7,30,8,0.018519,-0.125,0.955752,0.961749,0.005996,up
1057090,2025-03-14,10h,601,31,203,7,30,6,0.688852,0.129032,0.950949,0.966667,0.015717,up
1057090,2025-04-24,10h,512,16,332,9,30,14,0.389509,0.205357,0.969697,0.973607,0.00391,neutral
1057090,2025-06-07,10h,567,22,178,4,30,9,0.046443,-0.393939,0.962649,0.978022,0.015373,up
1057090,2025-06-27,10h,588,12,265,7,30,13,0.040031,0.346154,0.98,0.974265,-0.005735,down
1057090,2025-09-29,10h,572,19,217,7,30,7,0.625874,0.578947,0.967851,0.96875,0.000899,neutral
1057090,2025-11-21,10h,407,12,261,5,30,11,0.748939,0.136364,0.97136,0.981203,0.009843,up
1057090,2025-12-18,10h,650,28,405,18,30,18,0.038462,0.071429,0.958702,0.957447,-0.001255,neutral
1057090,2026-01-21,10h,601,16,219,6,30,12,-0.089018,-0.0625,0.974068,0.973333,-0.000735,neutral
1057090,2026-03-19,10h,401,9,110,5,30,7,0.175632,1.380952,0.978049,0.956522,-0.021527,down
1057090,2026-04-16,10h,449,22,219,10,30,14,0.04518,-0.025974,0.953291,0.956332,0.003041,neutral
294100,2024-10-04,10h,1382,38,766,13,30,14,0.18772,-0.266917,0.973239,0.983312,0.010073,up
294100,2024-11-27,10h,1335,27,2229,13,30,7,6.155698,1.063492,0.980176,0.994202,0.014025,up
294100,2024-12-19,10h,3380,32,859,24,30,14,-0.45541,0.607143,0.990621,0.97282,-0.017801,down
294100,2025-01-23,10h,1816,59,954,23,30,14,0.125708,-0.164649,0.968533,0.976459,0.007925,up
294100,2025-03-13,10h,1687,29,458,17,30,7,0.163519,1.512315,0.9831,0.964211,-0.01889,down
294100,2025-03-24,10h,1740,31,934,24,30,14,0.150246,0.658986,0.982496,0.974948,-0.007548,down
294100,2025-05-14,10h,1532,36,405,11,30,7,0.132973,0.309524,0.977041,0.973558,-0.003483,neutral
294100,2025-06-27,10h,2145,54,3788,122,30,27,0.962186,1.510288,0.975443,0.968798,-0.006645,down
294100,2025-09-29,10h,1683,58,414,8,30,7,0.05424,-0.408867,0.966686,0.981043,0.014357,up
294100,2025-10-10,10h,1710,45,805,18,30,14,0.008772,-0.142857,0.974359,0.978129,0.00377,neutral
294100,2025-11-24,10h,1627,38,3026,9,30,7,6.970849,0.015038,0.977177,0.997035,0.019857,up
294100,2025-12-18,10h,4397,35,1292,34,30,18,-0.510272,0.619048,0.992103,0.974359,-0.017744,down
294100,2026-02-10,10h,1844,39,922,17,30,14,0.071429,-0.065934,0.979288,0.981896,0.002607,neutral
294100,2026-03-19,10h,1944,35,425,14,30,7,-0.063051,0.714286,0.982314,0.968109,-0.014205,down
294100,2026-04-17,10h,1878,59,390,8,30,7,-0.109995,-0.418886,0.969541,0.979899,0.010359,up
582010,2024-12-19,10h,4387,291,1618,99,30,14,-0.209678,-0.270987,0.937794,0.942341,0.004547,neutral
582010,2025-01-27,10h,3018,184,1683,116,30,14,0.194973,0.350932,0.942536,0.93552,-0.007016,down
582010,2025-04-23,10h,1987,163,999,67,30,13,0.160234,-0.051439,0.924186,0.937148,0.012962,up
582010,2025-06-05,10h,1834,180,1122,119,30,15,0.223555,0.322222,0.910626,0.90411,-0.006516,down
582010,2025-06-27,10h,2085,215,1015,88,30,13,0.123409,-0.055456,0.906522,0.920218,0.013696,up
582010,2025-08-11,10h,1606,159,741,75,30,13,0.064757,0.088534,0.909915,0.908088,-0.001827,neutral
582010,2025-09-23,10h,1424,111,616,191,30,13,-0.001729,2.970894,0.927687,0.763321,-0.164366,down
582010,2025-10-29,10h,1417,284,672,61,30,13,0.094403,-0.504334,0.833039,0.91678,0.083741,up
582010,2025-12-11,10h,1502,128,1596,146,30,25,0.2751,0.36875,0.921472,0.916188,-0.005284,down
582010,2026-02-12,10h,1190,138,727,60,30,14,0.309124,-0.068323,0.896084,0.923761,0.027677,up
582010,2026-04-01,10h,1252,123,1028,103,30,14,0.759471,0.794425,0.910545,0.90893,-0.001615,neutral
435150,2024-06-27,10h,729,40,450,26,30,14,0.322751,0.392857,0.947984,0.945378,-0.002606,neutral
435150,2024-09-05,10h,765,45,143,13,30,4,0.401961,1.166667,0.944444,0.916667,-0.027778,down
435150,2024-11-27,10h,579,26,237,16,30,7,0.754256,1.637363,0.957025,0.936759,-0.020266,down
435150,2024-12-19,10h,985,89,605,25,30,14,0.316171,-0.398074,0.917132,0.960317,0.043185,up
435150,2025-02-10,10h,857,50,191,16,30,7,-0.044841,0.371429,0.944873,0.922705,-0.022168,down
435150,2025-03-13,10h,855,46,196,16,30,7,-0.017544,0.490683,0.948946,0.924528,-0.024417,down
435150,2025-06-02,10h,618,39,180,15,30,7,0.248266,0.648352,0.940639,0.923077,-0.017562,down
435150,2025-06-27,10h,738,47,413,23,30,13,0.291432,0.129296,0.940127,0.947248,0.00712,up
435150,2025-09-29,10h,535,28,149,12,30,7,0.193591,0.836735,0.950266,0.925466,-0.024801,down
435150,2025-12-18,10h,928,47,1535,81,30,18,1.756825,1.87234,0.951795,0.949876,-0.001919,neutral
435150,2026-02-02,10h,1856,119,443,21,30,7,0.022937,-0.243697,0.939747,0.954741,0.014995,up
435150,2026-03-19,10h,1035,71,209,11,30,7,-0.134576,-0.336016,0.935805,0.95,0.014195,up
435150,2026-04-13,10h,871,58,184,15,30,7,-0.094637,0.108374,0.937567,0.924623,-0.012944,down
1794680,2024-06-27,10h,970,20,509,9,30,14,0.124448,-0.035714,0.979798,0.982625,0.002828,neutral
1794680,2024-08-08,10h,1046,33,249,7,30,7,0.020213,-0.090909,0.969416,0.972656,0.00324,neutral
1794680,2024-10-21,10h,784,18,1030,23,30,14,1.815233,1.738095,0.977556,0.978158,0.000602,neutral
1794680,2024-11-27,10h,2087,37,3397,10,30,7,5.975837,0.158301,0.98258,0.997065,0.014485,up
1794680,2024-12-20,10h,4407,28,660,9,30,13,-0.654396,-0.258242,0.993687,0.986547,-0.007139,down
1794680,2025-02-10,10h,951,20,200,1,30,7,-0.098693,-0.785714,0.979403,0.995025,0.015622,up
1794680,2025-03-13,10h,869,9,242,13,30,7,0.19349,5.190476,0.989749,0.94902,-0.04073,down
1794680,2025-04-08,10h,926,25,398,13,30,7,0.842024,1.228571,0.973712,0.96837,-0.005342,down
1794680,2025-05-26,10h,747,18,208,6,30,7,0.193345,0.428571,0.976471,0.971963,-0.004508,neutral
1794680,2025-06-27,10h,806,21,361,6,30,13,0.033594,-0.340659,0.974607,0.983651,0.009044,up
1794680,2025-07-16,10h,799,21,136,4,30,5,0.021277,0.142857,0.97439,0.971429,-0.002962,neutral
1794680,2025-09-29,10h,645,17,214,7,30,7,0.421927,0.764706,0.97432,0.968326,-0.005994,down
1794680,2025-10-21,10h,849,23,844,39,30,14,1.130237,2.63354,0.973624,0.955832,-0.017791,down
1794680,2025-12-18,10h,1302,16,556,14,30,18,-0.288274,0.458333,0.98786,0.975439,-0.012422,down
1794680,2026-02-09,10h,692,28,362,9,30,14,0.120974,-0.311224,0.961111,0.975741,0.01463,up
1794680,2026-03-19,10h,692,16,140,6,30,7,-0.132948,0.607143,0.977401,0.958904,-0.018497,down
1794680,2026-04-20,10h,592,15,200,10,30,7,0.447876,1.857143,0.975288,0.952381,-0.022907,down
255710,2024-05-19,10h,1032,81,167,9,30,4,0.213663,-0.166667,0.927224,0.948864,0.02164,up
255710,2024-06-27,10h,1008,74,633,31,30,14,0.345663,-0.102317,0.931608,0.953313,0.021705,up
255710,2024-10-24,10h,787,48,573,41,30,14,0.560174,0.830357,0.942515,0.933225,-0.00929,down
255710,2024-11-27,10h,1132,64,539,32,30,7,1.040636,1.142857,0.946488,0.943958,-0.00253,neutral
255710,2024-12-19,10h,1661,95,770,47,30,14,-0.006623,0.06015,0.9459,0.942472,-0.003427,neutral
255710,2025-03-13,10h,921,469,1129,147,30,18,1.043069,-0.477612,0.66259,0.884796,0.222206,up
255710,2025-05-08,10h,1055,85,218,18,30,7,-0.114421,-0.092437,0.925439,0.923729,-0.00171,neutral
255710,2025-06-26,10h,862,74,557,34,30,14,0.384654,-0.015444,0.92094,0.94247,0.02153,up
255710,2025-09-29,10h,760,74,183,18,30,7,0.031955,0.042471,0.911271,0.910448,-0.000823,neutral
255710,2025-12-18,10h,745,49,596,36,30,18,0.333333,0.22449,0.938287,0.943038,0.004751,neutral
255710,2026-03-05,10h,777,112,434,65,30,7,1.393822,1.487245,0.874016,0.869739,-0.004276,neutral
255710,2026-03-19,10h,1299,209,333,25,30,7,0.098647,-0.487355,0.861406,0.930168,0.068762,up
255710,2026-04-30,10h,871,79,204,18,30,7,0.003772,-0.023508,0.916842,0.918919,0.002077,neutral
